school_id,page_url,page_template,page_menu_or,page_ungrouped_multim,metric
CBSL00201A,https://www.liceopagano.edu.it,9.0,2.0,6.0,2.9
RGTD03002X,https://www.itcbesta.edu.it,6.0,1.0,8.0,3.7
CSPS07301E,https://www.iismarconiguarasci.edu.it/,3.0,3.0,10.0,4.0
RERA014014,https://iiscastelnovonemonti.edu.it/,5.0,1.0,4.0,4.4
BSRC028018,https://sraffa.edu.it/,8.0,1.0,18.0,3.6
AGPS00101A,https://www.liceocanicatti.edu.it,9.0,3.0,23.0,3.5
PIPS04000G,https://www.liceofilippobuonarroti.it,6.0,1.0,4.0,3.5
GERC004014,https://www.ECG-GENOVA.edu.IT,8.0,1.0,10.0,3.2
BORI024024,https://www.malpighi-crevalcore.it,8.0,1.0,2.0,3.5
BARH05801Q,https://www.iissmorotrani.edu.it,8.0,1.0,2.0,3.6
BRPS030007,https://www.liceoribezzo.edu.it,8.0,1.0,2.0,3.0
AVRI021013,https://www.iissrinaldodaquino.it,5.0,1.0,3.0,4.2
PTRC010007,https://www.isteinaudi.edu.it/luigieinaudi/index.php,1.0,1.0,3.0,3.4
VATF00901C,http://www.superiorisesto.edu.it/web/index.php/it/old/120-MISC/221-redirect-vecchio-sito?,9.0,1.0,0.0,4.0
LETF00301P,https://www.qubodisco.it/,9.0,0.0,0.0,-1.0
CNPC007015,https://www.iisgovonealba.it/,8.0,1.0,16.0,3.2
RERI090008,https://www.galvaniiodi.it,5.0,1.0,3.0,4.3
BAPS06201N,https://www.istitutoromanazzi.it/,5.0,1.0,3.0,4.3
SRTF00901L,https://www.2superioreaugusta.edu.it,9.0,3.0,20.0,3.0
LUTD004012,https://www.isigarfagnana.edu.it,5.0,1.0,3.0,4.3
BSRH02000T,https://www.alberghierodemedici.edu.it,8.0,1.0,13.0,3.3
MIRI21000E,https://ipsiacernusco.edu.it/,5.0,1.0,3.0,4.2
RMPS02801A,https://www.iiscartesio.EDU.IT,2.0,3.0,25.0,3.7
METD009011,https://www.istitutosuperioreminutoli.edu.it/wordpress/,7.0,1.0,13.0,2.8
MOTD00301E,https://www.meuccicarpi.edu.it,8.0,1.0,10.0,3.3
MIPS02301P,https://www.iiscardano.edu.it,8.0,1.0,10.0,3.4
BLPS00701R,https://liceibelluno.edu.it/,5.0,1.0,3.0,4.4
BGPS01301D,https://www.istitutoturoldo.edu.it,4.0,3.0,0.0,4.7
PORI010006,https://www.marconiprato.edu.it,4.0,3.0,0.0,4.5
PCTF00601P,https://www.isii.it,8.0,1.0,26.0,2.8
BATD007011,https://www.iisseinaudi.edu.it/,9.0,3.0,85.0,2.3
AVTD023019,https://www.istitutosuperioreruggerosecondo.edu.it,9.0,1.0,0.0,3.0
LERI03303Q,http://www.iissparabita.edu.it/,5.0,1.0,3.0,4.0
NAPS00601E,https://www.isisrosariolivatino.edu.it,1.0,1.0,0.0,4.2
RNPS02000L,https://www.einsteinrimini.edu.it/,4.0,3.0,5.0,4.5
CSTF06402V,https://www.itisrossano.it,9.0,3.0,18.0,3.4
UDTN00401Q,https://www.isislatisana.it,9.0,1.0,1.0,-1.0
MOPS050007,https://www.liceowiligelmo.edu.it,8.0,1.0,20.0,3.0
KRRC00901E,https://www.pertinikr.it,9.0,1.0,1.0,-1.0
PTRH01000C,https://www.alberghieromontecatini.edu.it,6.0,1.0,0.0,4.0
PGTF003013,https://salvatorellimoneta.edu.it/,5.0,1.0,4.0,4.2
REPS016016,https://www.pascal.edu.it,2.0,3.0,25.0,3.4
CSPS18000D,https://www.ilpitagora.edu.it,9.0,1.0,0.0,4.0
VIPC023017,https://www.liceocorradini.edu.it,8.0,1.0,16.0,3.5
PRTD02000E,https://www.itemelloni.edu.it,9.0,3.0,20.0,3.5
NATN01301B,https://www.donmilanigragnano.edu.it,7.0,1.0,0.0,3.6
PZTD009014,https://www.iissbattaglini.edu.it,1.0,1.0,5.0,3.6
NAPS27000E,https://www.liceocarlomiranda.it,6.0,3.0,6.0,3.3
VBTD00301T,https://www.marconigalletti.it,9.0,1.0,28.0,3.1
SVTF00301V,https://www.patettacairo.edu.it,8.0,1.0,7.0,3.5
BGPC02000C,https://liceosarpi.bg.it/,5.0,1.0,9.0,4.0
BGTF01301G,https://www.istitutoturoldo.it,7.0,1.0,4.0,4.5
SATF06702G,https://www.iismatteifortunato.edu.it,7.0,1.0,8.0,4.0
TOPS01000G,https://www.lsgramsci.it,4.0,3.0,0.0,4.3
CBTD00701C,https://www.iissbojano.edu.it,9.0,1.0,0.0,3.9
MIRC061012,https://www.iisbellisario.edu.it,9.0,3.0,11.0,3.0
VRPS00801L,https://www.guarinoveronese.edu.it/,8.0,1.0,12.0,3.3
TOTD06401R,https://www.coplux.edu.it,9.0,1.0,0.0,4.4
SSPS024014,https://www.iisantoniosegni.edu.it,4.0,3.0,0.0,4.1
RMRI07701R,https://www.scuolesuperioridizagarolo.edu.it,2.0,3.0,7.0,3.1
VIRI02201Q,https://www.iisvaldagno.it,9.0,1.0,3.0,4.0
PDPC001011,https://www.iismarchesi.edu.it,8.0,1.0,15.0,3.5
NARI00601Q,https://www.istitutoalberghierougotognazzi.edu.it/,9.0,1.0,26.0,3.4
MTTF01101D,https://www.loperfido-olivetti.edu.it,5.0,1.0,4.0,4.2
CNRI02901A,https://www.cigna-baruffi-garelli.edu.it,9.0,1.0,23.0,3.5
CTTH007018,https://www.politecnicodelmare.it,9.0,1.0,1.0,-1.0
LETH00701D,https://www.avespucci.edu.it,9.0,1.0,21.0,3.0
MNPC02000G,https://www.liceovirgiliomantova.edu.it,8.0,1.0,35.0,2.8
SPRH010006,https://www.alberghierolaspezia.edu.it,8.0,1.0,12.0,3.3
BGRI00601G,https://gbrubini.edu.it/,5.0,1.0,3.0,4.4
BGRA027011,https://agrariacantoni.edu.it/,4.0,3.0,13.0,3.9
BATD220004,https://www.itesbitonto.edu.it,9.0,1.0,4.0,3.5
MOPS080003,https://www.liceoformiggini.edu.it/,8.0,1.0,15.0,3.3
BSTD02201L,https://www.iisdandolo.edu.it,9.0,3.0,9.0,3.4
RMTD03401D,http://iissambrosoli.edu.it/sitonuovo,9.0,1.0,5.0,3.4
CSPS03000G,https://www.liceoscorza.edu.it,5.0,1.0,3.0,4.0
PRRI010009,https://ipsialevi.edu.it/,5.0,1.0,12.0,4.0
BRPS11000V,https://www.liceopepecalamo.edu.it,8.0,1.0,12.0,3.0
SARA010027,https://www.profagrisalerno.edu.it,6.0,1.0,12.0,3.2
PCRC00301N,https://www.romagnosi.it,8.0,1.0,2.0,3.8
CZRA00301N,https://www.costanzoscuole.it,9.0,1.0,1.0,-1.0
MNPS010004,https://www.liceobelfioremantova.it,5.0,1.0,3.0,4.0
GETH020002,https://www.itnautico.edu.it,9.0,1.0,0.0,3.7
GERC02201N,https://istitutorosselli.edu.it/,7.0,1.0,3.0,4.0
FOPS040002,https://www.liceocalboli.edu.it,9.0,1.0,3.0,3.9
TVPC01000R,https://www.liceocanova.edu.it/,5.0,1.0,4.0,4.1
VVTD01000L,https://www.itegalilei.edu.it,5.0,1.0,6.0,4.0
CEPS110004,http://www.liceogarofano.it/jml3,8.0,1.0,24.0,3.0
TVSL022014,https://www.istitutorosselli.net,8.0,1.0,8.0,3.5
RMTF123016,https://www.itisgiovannixxiii.it,9.0,1.0,0.0,-1.0
MCRI009015,https://www.iisgaribaldimacerata.edu.it,8.0,1.0,9.0,3.7
BSTF018017,https://www.istitutomarzoli.edu.it,9.0,1.0,20.0,2.5
TAPC040009,https://www.titoliviomartinafranca.it,5.0,1.0,3.0,4.0
ANTD02201C,https://www.cupparisalvati.edu.it,8.0,1.0,12.0,3.3
NARH058011,https://www.isisdemedici.it,7.0,1.0,0.0,4.5
SIPS010009,https://www.liceoalessandrovolta.edu.it,5.0,1.0,0.0,4.2
PNTL012017,http://itstkennedy.edu.it/,8.0,1.0,11.0,3.4
ARPS002017,https://www.liceosansepolcro.it,9.0,3.0,0.0,4.5
MTTA01101R,https://www.iisgiustinofortunato.edu.it,9.0,3.0,12.0,3.5
NATD13801P,https://www.itcgpareto.com,9.0,2.0,22.0,2.4
PVTF012014,https://www.itiscardanopv.edu.it/,8.0,1.0,20.0,3.5
BAPS06301D,https://www.marconibari.it,1.0,1.0,0.0,3.7
BATD21001E,https://www.itcdevitidemarco.it,9.0,1.0,1.0,-1.0
SPTD110005,https://www.fossatidapassano.edu.it,6.0,1.0,5.0,3.5
FIPS00901T,https://www.russell-newton.edu.it,8.0,1.0,12.0,3.7
MIRC074014,https://www.marellidudovich.edu.it,9.0,3.0,15.0,4.0
RMSD06002N,https://www.liceoartisticoteramo.it/,9.0,1.0,0.0,2.0
BSPS070005,https://www.liceocopernicobrescia.edu.it,9.0,1.0,0.0,4.5
SOTF01000L,https://www.itisondrio.org,8.0,1.0,12.0,3.3
MOPS030002,http://www.liceofanti.edu.it/,8.0,1.0,34.0,3.0
NAPS01302P,https://www.donmilani.it,9.0,1.0,1.0,-1.0
PITD004019,https://www.antoniopesenti.edu.it,5.0,1.0,3.0,4.2
VERC004016,https://iisluzzatti.it/,9.0,1.0,1.0,-1.0
BSPS11000A,https://www.liceoleonardobs.edu.it,8.0,1.0,20.0,3.4
AGRC01602N,https://www.iissarena.edu.it,9.0,1.0,12.0,3.5
SATD034011,https://www.iisbestagloriosi.edu.it,9.0,1.0,1.0,-1.0
TVPC02000B,https://www.liceogiorgione.edu.it,9.0,1.0,0.0,4.0
POPS02000G,https://copernico.prato.it/,5.0,1.0,5.0,4.1
CARC00201B,https://www.azunicagliari.edu.it,9.0,3.0,24.0,3.5
TOTF00401B,https://istitutomoro.edu.it/,9.0,1.0,0.0,4.0
LITA00201D,https://www.polocattaneo.it,5.0,1.0,3.0,4.0
PAPS03902Q,https://www.isducabruzzi-grassi.edu.it/,6.0,1.0,8.0,3.5
LERH00701N,https://www.istitutoprestacolumella.edu.it/,6.0,1.0,31.0,2.8
MOPS04000L,https://www.liceomorandi.edu.it,8.0,1.0,14.0,3.5
SRTD004017,https://www.istitutoinsolera.edu.it,9.0,3.0,8.0,4.0
NATF17000Q,https://www.itiferraris.edu.it,6.0,1.0,16.0,3.4
VBTN006017,http://www.istitutomaggia.it/,9.0,1.0,1.0,-1.0
NARC00701V,https://www.istitutoaxelmunthe.edu.it,5.0,1.0,3.0,4.2
PARH01801B,https://www.pietrodomina.edu.it,9.0,3.0,12.0,3.2
SPPS01000C,https://www.liceopacinotti.edu.it,9.0,3.0,0.0,4.1
SIRI00301C,https://www.istitutosangiovannibosco.net,4.0,3.0,0.0,4.0
VISD020008,https://www.liceoartisticonove.vi.it,9.0,1.0,1.0,-1.0
RGTD006012,https://www.islapira.edu.it/,6.0,1.0,16.0,3.4
RNRC00601X,https://www.EINAUDI-MOLARI.IT,9.0,1.0,49.0,2.9
TOPS047017,https://www.galileiferrari.it,9.0,1.0,16.0,2.5
MNTD008011,https://www.giovannifalcone.edu.it/index.php/it/,9.0,1.0,4.0,4.0
GESL01000P,https://www.liceokleebarabino.edu.it/,8.0,1.0,15.0,3.2
LUPS020003,https://www.liceobarsantimatteucci.it,5.0,1.0,3.0,4.2
ANSD01002T,https://www.liceoartisticomannucci.edu.it/,8.0,1.0,16.0,3.2
AVRC028015,https://istitutosuperioreaeclanum.it/,9.0,1.0,1.0,-1.0
BLRH003017,https://www.polovalboite.edu.it,4.0,3.0,0.0,4.6
ANRA022016,https://www.cupparisalvati.edu.it/,8.0,1.0,18.0,3.3
PNTF009017,https://www.isiszanussi.edu.it,8.0,1.0,4.0,4.4
GERC01902V,https://www.itpchiavari.edu.it/,8.0,1.0,9.0,4.1
ROTD01101B,https://polotecnicoadria.edu.it/,4.0,3.0,0.0,4.0
NATF15000E,https://www.itismajoranasommaves.edu.it,7.0,1.0,4.0,4.1
PAPS010002,https://www.liceoggalileipalermo.edu.it/,6.0,1.0,17.0,3.3
PZSL016018,https://www.iismaratea.edu.it,5.0,1.0,3.0,4.5
VCRI01601X,https://iis-lancia.edu.it/,8.0,1.0,3.0,4.0
SARA010049,https://www.profagrisalerno.edu.it/,6.0,1.0,12.0,3.5
MEPS003016,https://www.liceosciasciafermi.edu.it,9.0,1.0,10.0,3.0
RIPS00801E,https://www.iisgregoriodacatino.edu.it,6.0,1.0,10.0,3.0
IMTN00402T,https://www.ruffiniaicardi.it,9.0,3.0,0.0,4.5
PGPS002015,https://www.casimiri.it,9.0,1.0,1.0,-1.0
SARH06901T,https://www.santacaterina-amendola.edu.it,5.0,1.0,3.0,4.0
PITL00301X,https://www.e-santoni.org,4.0,3.0,0.0,4.4
FIPS01801L,https://www.liceoagnoletti.it,8.0,1.0,11.0,3.6
CRSL00801R,https://www.istitutostradivari.edu.it/,8.0,1.0,22.0,2.9
BSTD03101B,https://www.istitutomantegna.edu.it,4.0,3.0,55.0,2.8
LOTD010003,https://www.bassi.edu.it,5.0,1.0,4.0,4.0
RMPC23000X,https://www.liceomamiani.edu.it,8.0,1.0,26.0,3.2
CTRH03000C,https://www.alberghierowojtyla.edu.it,9.0,1.0,25.0,2.6
TATF034018,https://www.liside.edu.it,7.0,1.0,0.0,3.9
LETF01601R,https://www.iisstricase.it,5.0,1.0,0.0,4.4
SSPS00401V,https://www.iispaglietti.it,5.0,1.0,3.0,4.0
VTPS010006,https://www.liceopaoloruffiniviterbo.edu.it,9.0,1.0,15.0,3.5
MCRI010008,https://www.ipsiacorridoni.com,9.0,1.0,1.0,-1.0
VAPC040006,https://www.liceolegnani.edu.it,9.0,1.0,15.0,3.0
FIPS04000R,https://www.liceocastelnuovo.edu.it,8.0,1.0,10.0,3.6
RMTF053015,https://www.pertinigenzano.edu.it,4.0,3.0,5.0,3.7
VIRI011019,http://www.iislonigo.edu.it/,4.0,1.0,20.0,3.3
NATF190001,https://www.itimariecurie.edu.it,6.0,1.0,8.0,3.5
BOTD080001,https://www.salvemini-bo.edu.it/,8.0,1.0,8.0,3.5
PZTF06000E,https://www.comprensivocorleto.edu.it,6.0,1.0,4.0,4.1
MNRC006012,https://www.istitutogreggiati.edu.it,9.0,1.0,0.0,3.7
CERH00404T,https://www.matteiaversa.edu.it/,5.0,1.0,4.0,4.2
TOTF00701V,https://www.iisdoria.edu.it,8.0,1.0,13.0,3.3
VCTD013013,https://www.cavourvercelli.it,1.0,1.0,15.0,3.6
PTRC002019,https://www.sismondipacinotti.edu.it,8.0,1.0,17.0,2.8
ROTD00801G,https://www.iisdeamicis-rovigo.edu.it,9.0,2.0,1.0,-1.0
RMRC121011,https://www.luigieinaudiroma.edu.it/,8.0,1.0,14.0,3.3
PGTL00201B,https://www.pgis00200p@istruzione.it,9.0,1.0,1.0,-1.0
VIRC01701G,https://www.remondini.net,8.0,1.0,26.0,3.2
RMRH06000V,https://www.alberghierovelletri.edu.it,9.0,1.0,0.0,4.4
APTD07000B,https://www.carducci-galilei.it,9.0,1.0,2.0,4.2
ALTD00801G,https://www.marconitortona.edu.it/,8.0,1.0,30.0,2.8
RCPS01901C,https://liceopizipalmi.edu.it/,9.0,3.0,0.0,4.5
LORC01000Q,https://ipseinaudilodi.edu.it/,5.0,1.0,4.0,4.4
FITF01701V,https://www.isisdavinci.edu.it,8.0,1.0,17.0,3.5
CSPC067025,https://www.iissanmarcoargentano.edu.it,5.0,1.0,3.0,4.4
LCTD00801A,https://isrota.edu.it/,5.0,1.0,4.0,4.1
TATD03601N,https://www.iissdavinci.edu.it,3.0,1.0,16.0,2.9
BGRC03801A,https://www.istitutoguidogalli.edu.it,4.0,3.0,0.0,4.8
LTTL01801V,https://www.isgalileisani.it,1.0,1.0,10.0,3.4
TVPC021018,https://www.istitutodacollo.it,9.0,1.0,20.0,3.5
VAPC020001,https://www.liceoclassicovarese.edu.it,8.0,1.0,8.0,3.5
FIPS100007,https://www.liceogramsci.it,5.0,1.0,3.0,4.1
RIRI00701X,https://www.ROSATELLI.IT,5.0,1.0,3.0,4.1
VIRI004016,https://www.istitutomasotto.edu.it,8.0,1.0,21.0,3.1
BATD069029,https://www.iissalpimontale.edu.it,5.0,1.0,0.0,4.6
PNRC00801T,https://www.istitutoflora.edu.it,8.0,1.0,7.0,3.6
ARPC001018,https://www.istitutosignorelli.edu.it,5.0,1.0,3.0,4.1
BNTF004012,https://www.istitutomedi.it,5.0,1.0,3.0,4.4
NAPS14101P,https://www.itidavinci.edu.it/,7.0,1.0,0.0,4.3
RMSL09701N,https://www.confalonieridechirico.it,2.0,1.0,10.0,3.9
RERC01000P,https://www.ipsscfilippore.edu.it,5.0,1.0,3.0,4.2
TVTN00401B,https://isissverdi.it/,9.0,1.0,0.0,3.5
MTTD020001,https://www.itcgtursi.edu.it,7.0,1.0,0.0,3.8
UDTD007019,https://www.paolinodaquileia.it,9.0,1.0,1.0,-1.0
MIRA03601A,https://www.iispareto.it,4.0,3.0,1.0,4.4
CNRA01203B,https://www.iisumbertoprimo.it,9.0,1.0,0.0,4.0
NARH119017,https://www.ismorano.edu.it,4.0,3.0,25.0,3.4
TORI019018,https://www.iis-ferraris.edu.it,8.0,1.0,7.0,3.7
LIPC001015,https://www.isisforesi.it/,5.0,1.0,3.0,4.0
NASD13000N,https://www.convittonapoli.it,6.0,1.0,18.0,3.0
PRPS008015,https://www.iissgadda.it,8.0,1.0,24.0,3.3
NAPS10901V,https://www.liceomunari.edu.it,5.0,1.0,6.0,4.1
SASL040008,https://www.liceoartisticosabatinimenna.edu.it,9.0,3.0,0.0,4.3
PDRC024019,https://www.atestino.edu.it,8.0,1.0,10.0,3.6
BGSL001014,https://www.istitutocelerilovere.it,9.0,1.0,1.0,-1.0
TATD039026,https://iissperrone.edu.it/,5.0,1.0,0.0,4.5
NARA09601G,https://www.iscaravaggio.edu.it,7.0,1.0,0.0,4.7
TPPS03201B,https://liceicastelvetrano.edu.it/,5.0,1.0,4.0,4.0
LTPS02000G,https://www.liceograssilatina.org,7.0,1.0,0.0,4.3
COTD01000G,https://www.caioplinio.edu.it,4.0,3.0,0.0,4.7
MNTD00301T,https://www.francescogonzaga.edu.it,8.0,1.0,8.0,3.5
CETD03901Q,https://www.istitutolener.edu.it,5.0,1.0,3.0,4.0
SSPS00402X,https://www.iispaglietti.edu.it,5.0,1.0,3.0,4.0
SATL04101E,https://www.itimarconinocera.org,9.0,3.0,0.0,4.4
APRC004016,https://iis-amandola.edu.it/,5.0,1.0,0.0,4.3
BOTF02601G,https://www.majoranasanlazzaro.edu.it/,8.0,1.0,12.0,3.6
PGRI03601D,https://www.ipsiapg.it,9.0,1.0,1.0,-1.0
BGTD03701T,https://oberdan.edu.it/,8.0,1.0,0.0,4.3
VBTF00701B,https://www.COBIANCHI.IT,8.0,1.0,22.0,3.0
CETD04000V,https://www.isdavincismcv.edu.it,7.0,1.0,0.0,4.3
LCPC01000A,https://liceomanzonilecco.edu.it/,5.0,1.0,4.0,4.0
RMPS090001,https://www.liceo-enriques.edu.it/,6.0,1.0,1.0,3.7
TVTN01000N,https://www.ittmazzotti.edu.it,9.0,1.0,33.0,2.9
FIPS030006,https://liceodavincifi.edu.it/,5.0,1.0,3.0,4.0
TORH02901B,https://www.istitutobeccari.edu.it,9.0,1.0,1.0,-1.0
RITD00701E,https://www.iisluigidisavoia.it,9.0,1.0,1.0,-1.0
BARC03701D,https://www.ISTITUTOGORJUXTRIDENTEVIVANTE.edu.IT,7.0,1.0,0.0,3.9
BARH069016,https://www.iissconsoli.edu.it/,8.0,1.0,5.0,3.6
LTPS030006,https://www.liceoalbertiminturno.it,9.0,1.0,1.0,-1.0
BSRC029014,https://istitutogolgibrescia.edu.it/,5.0,1.0,7.0,4.3
LCPS01000D,https://grassilecco.edu.it/,5.0,1.0,4.0,4.0
BRPS00301X,https://www.leonardodavincifasano.edu.it,4.0,3.0,0.0,4.0
RCTF02201A,https://www.isoppido.it,9.0,1.0,1.0,-1.0
NARI089014,https://www.ITIMARCONI.IT,9.0,1.0,1.0,-1.0
AGRC02301Q,https://www.IPSCTGALLO.edu.IT,6.0,1.0,27.0,3.0
BOTA03000D,https://www.scarabelli-ghini.edu.it,8.0,1.0,6.0,3.7
PDRC02101T,https://www.denicolapiovedisacco.edu.it,8.0,1.0,13.0,3.6
ALRC008018,https://www.marconitortona.edu.it,8.0,1.0,28.0,3.3
PTTD01001G,https://www.itsmarchiforti.edu.it,4.0,3.0,11.0,3.4
VTTF017014,https://www.ittvt.edu.it,7.0,1.0,4.0,4.1
TERA00801N,https://www.iisdipopparozzi.it,9.0,1.0,1.0,-1.0
NASL12101A,https://www.isissereni-afragola-cardito.edu.it,9.0,1.0,14.0,3.0
CRRC00601R,https://www.einaudicremona.edu.it,4.0,3.0,0.0,4.5
TORC02101G,https://www.romero.edu.it,9.0,1.0,0.0,4.0
RMPC180004,https://www.liceosocrate.edu.it,9.0,1.0,4.0,3.7
GERC00602R,https://www.vittorioemanueleruffini.it,9.0,1.0,1.0,-1.0
TASL03601P,https://liceoartisticolisippo-ta.it/,9.0,1.0,1.0,-1.0
BARI05000G,https://www.ipsiarchimede.edu.it,9.0,1.0,11.0,3.2
APTL00701B,https://www.fazzinimercantini.edu.it,8.0,1.0,16.0,3.5
RASL020007,https://www.liceoartisticoravenna.edu.it,6.0,1.0,4.0,4.0
RMTF11901E,https://www.ITISCIVITAVECCHIA.IT,9.0,1.0,1.0,-1.0
ALTN00301A,https://www.iislevimontalcini.edu.it/,8.0,1.0,15.0,3.3
TVTD09000L,https://riccati-luzzatti.edu.it/,5.0,1.0,4.0,4.0
BGPS04000R,https://liceogalilei.edu.it/,9.0,1.0,15.0,3.5
CLTD00701D,https://www.iisscmcarafa.edu.it,2.0,3.0,0.0,4.5
ANPC040002,https://www.perticari.it,7.0,1.0,4.0,4.0
FGPS040004,https://www.liceogmarconi.it,9.0,3.0,23.0,3.9
CHPS006019,https://www.omnicomprensivoatessa.edu.it,6.0,1.0,25.0,3.2
SARI07401R,https://www.iisvicodevivo.edu.it,7.0,1.0,4.0,3.8
VITA014011,https://www.istitutoagrarioparolini.edu.it,8.0,1.0,15.0,3.4
LETD04401P,https://www.iisscalasso.edu.it,8.0,1.0,15.0,3.3
BNPC02000N,https://www.giannonebn.edu.it,8.0,1.0,22.0,2.8
BARH11000E,https://www.icspinazzola.edu.it,9.0,3.0,12.0,3.0
RMPC200004,https://www.liceoaristofane.it,9.0,1.0,1.0,-1.0
BAPS079013,https://www.liceogravina.edu.it/,7.0,1.0,4.0,4.3
CERI02901E,https://www.IISDEFRANCHIS.edu.IT,7.0,1.0,0.0,4.0
SATD04301Q,https://www.isisfortunato-angri.it,9.0,2.0,14.0,3.0
FGTD00101A,http://www.giordani.edu.it,9.0,1.0,13.0,3.0
GRRA00601C,https://www.isitplorena.eu,9.0,1.0,1.0,-1.0
PZTL022011,https://www.itigeopz.edu.it,9.0,2.0,5.0,3.5
RMPS05000E,https://www.liceocannizzaro.it,9.0,1.0,1.0,-1.0
BSTL036022,https://www.tartaglia-olivieri.edu.it,4.0,3.0,12.0,3.5
PARA014021,https://www.istitutosuperiorebisacquino.it,6.0,1.0,5.0,3.4
CSTD074016,https://www.iisrende.edu.it,5.0,1.0,3.0,4.2
CSPC02801D,https://www.IISCETRARO.edu.IT,5.0,1.0,3.0,4.0
RMPC04000R,https://www.liceoaugustoroma.it,9.0,1.0,1.0,-1.0
TVTF030007,https://www.barsanti.edu.it,5.0,1.0,3.0,4.0
MITA036016,https://www.ISTITUTOCALVINO.edu.IT,4.0,3.0,2.0,3.9
RATD01000G,https://www.itoriani.edu.it/,6.0,1.0,14.0,3.2
ROPC00101T,https://www.liceoadria.edu.it,4.0,3.0,1.0,4.1
CERI011019,https://www.istitutogbnovelli.it,9.0,1.0,1.0,-1.0
SRSD02201B,https://www.isagagini.net,9.0,1.0,1.0,-1.0
BGPS008012,https://www.maironidaponte.edu.it,7.0,1.0,31.0,3.2
MOPS019018,https://www.itisvoltasassuolo.edu.it,8.0,1.0,12.0,3.5
VTPS017012,https://www.ioleonardodavinci.edu.it,5.0,1.0,3.0,4.0
PEPS00601T,https://iisvoltapescara.edu.it/,5.0,1.0,0.0,4.4
ARTD01301D,https://www.buonarroti-fossombroni.it,9.0,3.0,21.0,2.9
NARH06701Q,https://www.itctorrente.it,9.0,1.0,1.0,-1.0
CEPS02801D,https://www.isisscontiaversa.edu.it,7.0,1.0,0.0,4.5
KRTF03000C,https://iostrongolikr.edu.it/,9.0,1.0,1.0,-1.0
PAPC01000V,https://www.liceoscadutobagheria.edu.it/,6.0,1.0,13.0,3.1
RMPS060005,https://www.liceocavour.edu.it,2.0,3.0,20.0,3.6
CETD21000R,https://www.itcgandreozziaversa.it,6.0,1.0,4.0,3.8
RARC07000X,https://www.olivetticallegari.edu.it,7.0,1.0,4.0,3.9
CRSL01601Q,https://iismunari.edu.it/,8.0,1.0,12.0,3.5
MEPC029017,https://www.maurolicomessina.edu.it,7.0,1.0,45.0,2.0
SSTD016022,https://www.itozieri.edu.it,6.0,1.0,26.0,3.0
RMRI11901N,https://www.iisdeamicis-cattaneo.it,9.0,1.0,1.0,-1.0
PESL011016,https://www.liceopenne.edu.it,5.0,1.0,4.0,4.0
CATD220001,https://itemartini.edu.it/,5.0,1.0,0.0,4.3
CNRH028024,https://www.virginiodonadio.it/,8.0,1.0,7.0,3.4
ENRH004018,https://www.iisenna.it,5.0,1.0,3.0,4.1
VARC023015,https://www.isfalconegallarate.edu.it,1.0,1.0,24.0,2.9
MIPS02201V,https://allendecustodi.edu.it/,7.0,1.0,0.0,4.7
SSTD010001,https://www.deffenu.edu.it,5.0,1.0,11.0,4.0
GERH012018,https://www.marcopolo.edu.it/,3.0,1.0,14.0,3.9
MIPS039018,https://iis-russell.edu.it/,4.0,3.0,0.0,4.5
RARH020004,https://www.alberghieroriolo.edu.it,5.0,1.0,3.0,4.2
MSRC006019,https://www.ebarsanti.edu.it,4.0,3.0,6.0,4.0
ARRI02201N,https://www.liceorediarezzo.edu.it,9.0,1.0,40.0,2.4
APTD013018,https://www.iismazzocchiumbertoprimo.edu.it,8.0,1.0,25.0,3.2
BGPS02000G,https://www.liceolussana.edu.it,5.0,1.0,3.0,4.2
TOTD01402R,https://www.porropinerolo.edu.it,5.0,1.0,6.0,4.1
FGPS08000E,https://www.scientificoeinstein.edu.it,9.0,1.0,16.0,3.0
SRRI022016,https://www.IISSGAGINI.edu.IT,8.0,1.0,10.0,3.5
SATL04601N,https://www.iisgalilei.it,4.0,3.0,3.0,4.0
COPC020007,https://liceovoltacomo.edu.it/,5.0,1.0,4.0,4.2
CTTF02301P,https://www.iis-gemmellaro.edu.it,9.0,1.0,3.0,2.8
MIPC01000C,https://liceoclassicomanzoni.edu.it/,9.0,1.0,0.0,4.7
NUPC010006,https://www.liceoginnasioasproni.it,9.0,1.0,1.0,-1.0
FOPS00101C,https://www.mcurie.edu.it,5.0,1.0,3.0,4.3
AGPS008015,https://www.iissfazello.edu.it,9.0,1.0,1.0,-1.0
CHTD021017,https://www.iisdetittafermi.edu.it,7.0,1.0,2.0,4.6
BRPC006018,https://www.istitutoagostinelli.edu.it,2.0,3.0,19.0,3.3
SATF076019,https://www.itipacinotti.edu.it,9.0,1.0,1.0,-1.0
BAPC18000X,https://www.liceosylos.edu.it,4.0,3.0,0.0,4.4
CNPS010003,https://liceoancina.edu.it/,9.0,1.0,40.0,2.7
BORC02101V,https://www.fantinivergato.edu.it,9.0,3.0,5.0,3.3
VATD08000G,https://www.itczappa.edu.it,7.0,1.0,7.0,3.6
RGPS014015,https://www.iismazzinivittoria.edu.it/,6.0,1.0,19.0,3.5
FRRI00701Q,https://www.iistulliano.it,8.0,1.0,10.0,3.6
MNTD01000X,https://www.pitentino.edu.it,8.0,1.0,9.0,3.5
VETH00801E,https://www.ptpvenezia.edu.it,8.0,1.0,22.0,3.0
RGRC012012,https://www.istitutosuperioremarconi.edu.it/,1.0,1.0,22.0,2.8
CASL01000N,https://liceoartisticocagliari.edu.it/,9.0,3.0,14.0,3.7
ROTF01201D,https://itisviola.it/,9.0,1.0,1.0,-1.0
CNTL02201L,https://www.arimondieula.edu.it,8.0,1.0,13.0,3.5
VASL011017,https://www.donmilaniva.edu.it,4.0,3.0,21.0,3.8
PNPS003016,https://www.torricellimaniago.edu.it,8.0,1.0,6.0,4.0
CLTL006014,https://www.ISTITUTOMAJORANAGELA.edu.IT,9.0,3.0,0.0,4.3
NAPS15000C,https://www.liceoscientificodecarlo.edu.it/,5.0,1.0,3.0,4.2
MERI02701X,https://www.veronatrento.it,9.0,2.0,18.0,3.7
SSSL030007,https://www.liceoartisticodeandre.edu.it,4.0,3.0,9.0,4.0
BSPS01000D,https://www.liceocalini.edu.it,8.0,1.0,21.0,3.1
MOPC020008,https://www.muratorisancarlo.edu.it,8.0,1.0,36.0,2.5
NATF11401C,https://www.leonenobile.edu.it,9.0,3.0,0.0,4.0
KRTD01201N,https://istitutonauticokr.edu.it/,9.0,1.0,23.0,3.0
AGRH02000C,https://www.alberghierofavara.edu.it,6.0,1.0,9.0,3.2
PNTF004014,https://www.isspilimbergo.edu.it,8.0,1.0,14.0,3.2
TVTF023015,https://www.giorgifermi.edu.it,6.0,1.0,10.0,3.3
CTPS05301C,https://www.liceogalileicatania.edu.it,6.0,1.0,9.0,3.4
SRPS006013,https://www.istitutoraelinoto.edu.it/,5.0,1.0,0.0,4.5
ANRI02301N,https://www.iismerlonimiliani.it,8.0,1.0,7.0,3.9
IMPS01001A,https://liceoimperia.it/,9.0,1.0,1.0,-1.0
RGRI01201P,https://www.istitutosuperioremarconi.it,5.0,1.0,3.0,4.3
TORC053013,https://www.bossomonti.it,9.0,1.0,8.0,3.1
CASL013016,https://www.liceoasproni.it,9.0,2.0,4.0,4.4
TVRC009019,https://www.iissfanno.edu.it,8.0,1.0,12.0,3.5
SAPC02201Q,https://www.isiscorbino.edu.it/,6.0,1.0,12.0,3.7
PAPS011031,https://www.iislercarafriddi.it,5.0,1.0,3.0,4.3
SARH068012,https://www.iispiranesi.edu.it,6.0,1.0,8.0,3.7
MNTF00701B,https://www.galileiostiglia.edu.it,8.0,1.0,16.0,3.2
CBTD003015,https://scuolecasacalenda.edu.it/,9.0,1.0,1.0,-1.0
PEPC010009,https://www.liceoclassicope.edu.it,8.0,1.0,12.0,3.5
RERI011018,https://www.iisnobili.edu.it,2.0,3.0,12.0,3.8
PVTD010005,https://www.bordoni.edu.it,5.0,1.0,0.0,4.3
BOTD01601P,https://www.manfreditanari.edu.it/,8.0,1.0,17.0,3.3
MIPS041018,https://www.iisgadda.edu.it,8.0,1.0,16.0,3.3
LUTH01801N,https://www.IISGALILEIARTIGLIO.edu.IT,5.0,1.0,3.0,4.4
BSPS03000P,http://liceogolgi.edu.it/,5.0,1.0,3.0,4.4
BNRC027015,https://www.palmieriramponepolo.edu.it,1.0,1.0,3.0,3.7
PZTD011025,https://www.solimenelavello.edu.it,4.0,3.0,0.0,4.0
NATF07701P,https://www.ismoscati.edu.it,7.0,1.0,7.0,3.8
VATD22000N,https://www.isismontaletradate.com,2.0,3.0,17.0,3.7
TVRI024014,https://www.iiseinaudiscarpa.edu.it,8.0,1.0,18.0,3.3
BIPS00401B,https://www.liceocossatese.it,9.0,1.0,10.0,3.7
MOPS01801C,https://www.istitutocorni.edu.it,8.0,1.0,10.0,3.5
IMPS03000E,https://www.liceoaprosio.it,5.0,1.0,3.0,4.0
NURA01801E,https://www.ispira.edu.it,8.0,1.0,9.0,3.5
TORH00602Q,https://www.iisubertini.edu.it,8.0,1.0,11.0,3.4
TRPS020009,https://www.galileiterni.edu.it,8.0,1.0,17.0,3.3
MIPC03000N,https://www.liceoclassicocarducci.edu.it,9.0,3.0,63.0,2.9
RMPS39000G,https://www.liceovailatigenzano.edu.it,9.0,1.0,24.0,2.7
CRPC001012,https://poloromani.edu.it/,5.0,1.0,4.0,4.1
RMPS073018,https://www.isisdarwin.edu.it,3.0,2.0,17.0,3.0
CZRI01901V,https://www.polotecnologico.edu.it,6.0,1.0,20.0,3.5
SARH02101R,https://www.iis-sacco.edu.it,5.0,1.0,3.0,4.0
ARPS02101L,https://www.galileipoppi.edu.it/,8.0,1.0,4.0,4.0
SARI06802E,https://www.istitutosuperiorecuomomilone.edu.it,5.0,1.0,3.0,4.2
CNPS030008,https://www.liceococito.edu.it,5.0,1.0,1.0,4.4
CLTD003027,https://www.sturzo-gela.edu.it/,1.0,1.0,3.0,4.0
RMRI08001L,https://www.IPIASOLIVIERI.edu.IT,5.0,1.0,3.0,4.3
NAPS200008,https://www.liceocalamandrei.it,6.0,1.0,20.0,3.3
PEPS03000N,https://galileipescara.it/,9.0,1.0,1.0,-1.0
CNPS02000N,https://liceocuneo.it/,5.0,1.0,3.0,4.3
UDPS01901Q,https://www.isismagrinimarchetti.it,5.0,1.0,3.0,4.2
VTPS009013,https://www.dallachiesa.edu.it,7.0,1.0,4.0,3.8
NAPS65000R,https://www.liceomelito.edu.it,7.0,1.0,7.0,4.0
CHRI00701A,https://www.ismattiolisansalvo.edu.it,9.0,1.0,1.0,-1.0
MORA011028,https://www.istas.mo.it,5.0,1.0,18.0,3.7
VATD210003,https://www.gaddarosselli.edu.it,8.0,1.0,13.0,3.4
RCTL031019,https://www.iismarconisiderno.edu.it/,4.0,3.0,15.0,3.7
MITD57000B,https://www.itetmaggiolini.edu.it,7.0,1.0,0.0,4.3
LEPS01000P,https://liceodegiorgi.edu.it/,9.0,1.0,0.0,3.7
NAPC40000V,https://www.liceovittorioemanuele.it,7.0,1.0,7.0,4.0
TOPS190009,https://www.liceonewton.it,9.0,1.0,7.0,4.2
PSPC06000D,https://liceonolfi.it/,9.0,1.0,1.0,-1.0
IMPC040002,https://www.liceogdcassini.edu.it,5.0,1.0,3.0,4.2
FIPC04000N,https://www.liceomichelangiolo.it,7.0,1.0,8.0,4.0
MIPS120003,https://www.liceomajoranarho.edu.it,8.0,1.0,10.0,3.2
BNPS016027,https://www.iisgalileivetrone.edu.it,7.0,1.0,4.0,4.2
TPRC02101D,https://www.gbferrigno.edu.it,5.0,1.0,3.0,4.4
NAPS04201N,https://www.isisdenicola.edu.it,7.0,1.0,1.0,4.3
FRTF026012,https://www.fris02600d@istruzione.it,9.0,1.0,1.0,-1.0
CTTD01301T,https://www.iisriposto.edu.it,9.0,1.0,19.0,3.5
NAPS13901P,https://www.nobeltorredelgreco.edu.it,9.0,1.0,44.0,2.4
TOTD03101D,https://www.istituto8marzo.edu.it,5.0,1.0,3.0,4.0
GRTD01301T,https://www.isisfossombroni.it,9.0,1.0,1.0,-1.0
BSTD01602A,https://www.primolevi-bs.it,5.0,1.0,3.0,4.3
PGPS02601N,https://www.liceospoleto.edu.it,8.0,1.0,8.0,3.7
LTRI01901N,https://www.mattei-einaudi.it,9.0,1.0,1.0,-1.0
VITF02101R,https://www.iisscotton.it,8.0,1.0,11.0,3.4
CLRH003014,https://www.sturzo-gela.edu.it,1.0,1.0,3.0,4.1
PEPS01000C,https://www.leonardope.edu.it/,8.0,1.0,13.0,3.3
ALPS020009,https://www.liceopeano.it,8.0,1.0,22.0,2.9
NUSD01601Q,https://www.liceolanusei.edu.it,9.0,1.0,1.0,-1.0
NAPS55000X,https://www.liceocaivano.edu.it,7.0,1.0,7.0,4.1
VATN003015,https://www.isisluino.edu.it/,8.0,1.0,10.0,3.3
MITF093013,https://www.curiesraffa.it,9.0,1.0,1.0,-1.0
MCPS007018,https://www.istitutogentili.edu.it,8.0,1.0,21.0,3.0
FGTD08000A,https://www.blaisepascal.it,9.0,1.0,26.0,2.6
NAPC39000D,https://www.liceodiazottaviano.it,9.0,1.0,1.0,-1.0
METD08000A,https://www.itcgtfermi.edu.it,9.0,1.0,51.0,2.2
CORH004028,https://www.gdromagnosi.it,8.0,1.0,17.0,3.0
TRPS001011,https://www.gandhinarni.edu.it,8.0,1.0,12.0,3.1
TOPS18000P,https://www.liceomonti.it,9.0,1.0,1.0,-1.0
RMTA07201T,https://www.iisleonardodavinci.edu.it,9.0,1.0,1.0,-1.0
ARPS01901L,https://www.isisvarchi.edu.it,9.0,1.0,1.0,-1.0
ANPS05000Q,https://www.liceoscientificofabriano.it,9.0,1.0,1.0,-1.0
ALTF080003,https://www.sobrero.edu.it,9.0,1.0,1.0,-1.0
LIPS030007,https://www.liceocecioni.edu.it,1.0,1.0,5.0,4.2
CTTF033019,https://www.iissferraris.edu.it,3.0,3.0,0.0,4.5
CBTF01000D,https://www.iti-marconi.edu.it,9.0,3.0,10.0,4.0
BSPC01000A,https://liceoarnaldo.edu.it/,1.0,1.0,4.0,4.3
MCRI004012,https://www.ismatteirecanati.edu.it/,8.0,1.0,15.0,3.3
GRSL012013,http://www.polobianciardigrosseto.edu.it/,1.0,3.0,16.0,3.0
BARH049011,https://www.disavoiacalamandrei.edu.it,9.0,1.0,1.0,-1.0
FRPC023019,https://www.iisanagni.edu.it,5.0,1.0,3.0,4.3
ENPS01801C,https://www.istitutomedi.edu.it,6.0,1.0,4.0,4.2
NAPS690018,https://www.liceorenatocartesio.it,7.0,1.0,7.0,4.0
TPTD004013,https://www.omnicomprensivopantelleria.edu.it,6.0,1.0,8.0,3.7
BSPC020001,https://www.liceobagatta.it,9.0,1.0,0.0,4.3
MIRI01601R,https://www.iisinveruno.edu.it,8.0,1.0,8.0,3.5
CAPS02901V,https://www.iismarconilussu.it,6.0,1.0,4.0,4.3
TARH070013,https://elsamorantecrispiano.edu.it/,5.0,1.0,0.0,4.5
MIPS15000V,https://www.liceobottoni.edu.it,8.0,1.0,8.0,3.6
PDPS11000P,https://www.LICEOGALILEOGALILEI.edu.IT,9.0,1.0,15.0,3.9
MITL00401G,https://www.iiscattaneomilano.edu.it,4.0,3.0,24.0,4.0
BORI01402D,https://www.alberghetti.edu.it,8.0,1.0,14.0,3.4
LEPS04000E,https://www.liceovallone.edu.it,5.0,1.0,8.0,4.0
BIRC00601G,https://www.itcbona.biella.it,9.0,1.0,1.0,-1.0
METD110012,https://www.itcgsantagata.edu.it/wp/,4.0,3.0,5.0,4.4
VRPS01601G,https://www.calabreselevi.it,9.0,1.0,1.0,-1.0
SRRH040007,https://federicosecondodisveviasr.edu.it/,7.0,1.0,19.0,3.4
UDRC01101N,https://www.linussio.edu.it,8.0,1.0,13.0,3.3
SAPS06101D,https://www.genovesidavinci.edu.it,9.0,3.0,30.0,3.6
CBRI070008,https://www.omnimontenero.edu.it,6.0,1.0,12.0,3.3
PEPS05000V,https://www.liceodascanio.edu.it,8.0,1.0,22.0,3.0
UDRC019018,https://www.stringher.it,8.0,1.0,24.0,3.0
AVPC02000T,https://www.liceoparzanese.edu.it/,6.0,1.0,12.0,3.4
PARH001012,https://www.istitutougdulena.edu.it,7.0,1.0,4.0,4.1
VETD028012,https://www.8marzolorenz.edu.it,9.0,1.0,0.0,4.4
RMPS320009,https://www.liceolandi.edu.it,5.0,1.0,3.0,4.2
LETD026015,https://www.istitutovanoninardo.edu.it,5.0,1.0,3.0,4.0
ISTF01601L,https://www.icdagnillo.edu.it,1.0,1.0,12.0,4.0
RNTN01000Q,https://www.ittmarcopolorimini.edu.it/,8.0,1.0,15.0,3.2
TOTD03701C,https://www.quintinosella.it,9.0,1.0,1.0,-1.0
NUTA014013,https://www.iisvoltanuoro.edu.it,8.0,1.0,19.0,2.9
PSPC03000N,https://www.liceomamianipesaro.edu.it/,8.0,1.0,16.0,3.0
MIPS13000N,https://www.liceogalileilegnano.edu.it,5.0,1.0,3.0,4.3
PDRH01000G,https://www.istitutoalberghieroabano.it,8.0,1.0,6.0,3.7
PDPS01301A,https://www.liceolucreziocaro.it,9.0,1.0,1.0,-1.0
CTRI05301N,https://www.FERMIEREDIA.IT,9.0,1.0,1.0,-1.0
TERI004012,https://www.IISMORETTI.IT,9.0,1.0,1.0,-1.0
LIPS010002,https://www.liceoenriques.edu.it,5.0,1.0,0.0,4.5
PAPC11000Q,https://www.liceovittorioemanuelepa.it,6.0,1.0,7.0,3.5
CEPC110012,https://www.liceogiannonecaserta.edu.it,5.0,1.0,0.0,4.3
MEPC060017,https://www.liceopatti.it,9.0,1.0,12.0,3.0
UDTF01401P,https://www.isisfermosolari.it,2.0,1.0,7.0,4.0
VISL00101A,https://www.liceivaldagno.it,9.0,1.0,0.0,4.2
BGTF023016,https://istitutoriva.edu.it/,9.0,1.0,0.0,4.2
CTPS026014,https://www.iismarchesimascalucia.edu.it,5.0,1.0,0.0,4.2
PITD070007,https://www.itcattaneo.it,9.0,1.0,1.0,-1.0
MIPS18000P,https://www.eliovittorini.edu.it,5.0,1.0,3.0,4.0
CHSD01401P,https://liceopudente.edu.it/,9.0,1.0,0.0,3.8
RMPC14000N,https://www.liceomanara.it,8.0,1.0,14.0,3.0
TPTF018017,https://www.isdavincitorre.eu,2.0,3.0,0.0,4.4
PGTF03401P,https://www.iisgubbio.edu.it,8.0,1.0,7.0,3.7
VTSL008014,https://www.orioli.org,9.0,1.0,1.0,-1.0
CETD04101Q,https://www.isisstefanelli.edu.it,5.0,1.0,3.0,4.2
MIPS09901X,https://www.schiaparelligramsci.edu.it,5.0,1.0,3.0,4.2
GERI02000N,https://www.ipsiaodero.edu.it,8.0,1.0,10.0,3.4
ANPS03000E,https://www.liceogalileiancona.edu.it,9.0,3.0,0.0,4.4
FEPS01000N,https://www.liceoroiti.edu.it,8.0,1.0,6.0,3.6
LEPS21000C,https://www.itdeleddalecce.edu.it,7.0,1.0,18.0,3.4
PAPS008024,https://iisbasiledaleo.edu.it/,9.0,1.0,1.0,-1.0
VISL01901G,https://www.boscardin.edu.it,8.0,1.0,15.0,3.5
RMPS17000L,https://www.liceonewtonroma.it,8.0,1.0,0.0,3.9
ANPS040005,https://www.liceodavincijesi.edu.it,8.0,1.0,14.0,3.4
SATF027025,https://www.iisassteas.edu.it,7.0,1.0,4.0,4.0
MNTA013012,https://www.isstrozzi.edu.it,8.0,1.0,0.0,4.1
NUPS090017,https://www.liceoferminuoro.it/,9.0,1.0,1.0,-1.0
PRRA006013,https://www.magnaghisolari.edu.it,8.0,1.0,4.0,3.8
FITA00701G,https://www.agrariofirenze.it,9.0,1.0,1.0,-1.0
SVPC00801R,https://www.liceochiabreramartini.edu.it,8.0,1.0,20.0,3.2
BATL07101P,https://www.pertinianellipinto.edu.it/,8.0,1.0,10.0,3.4
MIPS16000D,http://marconionline.edu.it/,9.0,1.0,15.0,3.5
SSPS05000G,https://www.liceomossaolbia.edu.it,9.0,3.0,9.0,3.7
RMPC150008,https://www.liceo-orazio.it,9.0,1.0,1.0,-1.0
PDPS06000V,https://www.liceocornaro.edu.it,8.0,1.0,4.0,3.9
LTPS04000R,https://www.liceoterracina.edu.it,9.0,3.0,24.0,3.5
COTL00301X,https://www.istitutosantelia.edu.it,9.0,3.0,2.0,4.2
CSTF06101A,https://www.iisacri.edu.it,5.0,1.0,3.0,4.2
ATTD006022,https://www.giobert.edu.it,9.0,1.0,8.0,3.5
BASD053019,https://www.iissluigirusso.edu.it,4.0,3.0,0.0,4.2
PZPC02102R,https://www.liceovenosa.edu.it,5.0,1.0,4.0,4.3
SOPS00801G,https://www.pinchetti.net,8.0,1.0,11.0,3.5
MOTF080005,https://www.fermi-mo.edu.it,8.0,1.0,14.0,3.4
RMPC15002A,https://www.iiselianoluzzatti.edu.it,5.0,1.0,3.0,4.3
LEPS07000A,https://www.liceobanzi.edu.it,7.0,1.0,0.0,4.0
TARH070002,https://www.pitagorataranto.edu.it,5.0,1.0,6.0,4.2
VERI01301N,https://www.isisleonardodavinci.edu.it,8.0,1.0,12.0,3.3
TSTF010008,https://www.voltatrieste.edu.it,8.0,1.0,14.0,3.3
NATD022018,https://www.isnitti.edu.it,9.0,3.0,13.0,3.5
RGSL013016,https://www.istitutoferraris.edu.it,5.0,1.0,3.0,4.3
GORI01101C,https://www.isispertini.edu.it,8.0,1.0,20.0,3.3
VCPS01703L,https://istitutosuperioreferrarimercurino.edu.it/,9.0,1.0,10.0,3.5
PDSD02301B,https://www.iisgbferrari.edu.it,8.0,1.0,22.0,3.2
FIRC02902L,https://www.sassettiperuzzi.it/,9.0,1.0,1.0,-1.0
PAPC09000Q,https://www.umbertoprimo.it,5.0,1.0,4.0,4.3
CSTD01401E,https://www.iispoloamantea.edu.it,5.0,1.0,9.0,4.1
VIPC04000X,https://liceobrocchi.vi.it/,9.0,3.0,3.0,4.6
SATD061019,https://www.genovesidavinci.edu.it/,9.0,3.0,36.0,3.1
RCPS04000R,https://www.liceozaleuco.it,9.0,3.0,25.0,2.7
LCPS00201G,https://www.istitutobachelet.edu.it,4.0,3.0,12.0,4.0
RMPC09000T,https://www.liceovivona.edu.it/,9.0,1.0,37.0,3.2
AVSD013019,https://www.iissgrottaminarda.edu.it,7.0,1.0,0.0,4.4
MITD03701C,https://www.iisdellafra.edu.it,8.0,1.0,10.0,3.5
CNRC01401X,https://www.denina.it,8.0,1.0,11.0,3.3
ANTD00401V,https://www.istvas.it,9.0,1.0,1.0,-1.0
LTPS05000B,https://www.liceomajoranalatina.edu.it/,5.0,1.0,3.0,4.4
RNTF010004,https://www.itigrimini.it,9.0,1.0,1.0,-1.0
ANPC060007,https://liceoclassicojesi.edu.it/,9.0,3.0,14.0,3.9
FEPC01000E,https://www.liceocevolani.it,8.0,1.0,16.0,3.2
TORI06902A,https://ipsiabirago.it/,4.0,3.0,6.0,4.0
FGPS004012,https://www.fazzinivieste.edu.it,9.0,1.0,19.0,3.5
RETD00301X,https://www.istitutogobetti.it,5.0,1.0,3.0,4.6
PNRI00601V,https://www.isissacilebrugnera.edu.it,8.0,1.0,12.0,3.4
SORI013018,https://www.saracenoromegialli.edu.it,3.0,3.0,0.0,4.1
LTTD01601R,https://www.ipasanbenedetto.edu.it,8.0,1.0,16.0,3.2
PDTF022017,https://www.istitutoruzza.edu.it,8.0,1.0,16.0,3.4
BSPS01601D,https://www.primolevi.it/it,9.0,1.0,1.0,-1.0
VTRC006014,https://iiscolasanti.edu.it/,9.0,1.0,1.0,-1.0
TPRI028011,https://www.iscalvinoamico.edu.it/,6.0,1.0,0.0,4.2
KRRI040006,https://ipsiakr.edu.it/,5.0,1.0,4.0,4.0
AGRI02601X,https://www.iiss-archimede.edu.it,5.0,1.0,0.0,4.5
RARC060009,https://www.persolinostrocchi.it,9.0,2.0,8.0,3.6
COPS02000A,https://galileierba.edu.it/,5.0,1.0,3.0,4.2
MNPS011011,https://www.fermimn.edu.it,9.0,1.0,0.0,3.5
FIPS031013,https://www.iisscalamandrei.edu.it/,8.0,1.0,16.0,3.4
TOTD090008,https://www.itcsommeiller.edu.it/,5.0,1.0,6.0,4.0
BGRI017023,https://www.ettoremajorana.edu.it,9.0,3.0,0.0,4.1
VCTF019018,https://www.itis.it,9.0,1.0,1.0,-1.0
SSPS017011,https://www.iisfalconeborsellino.it,7.0,1.0,6.0,3.9
LCTD003017,https://www.marcopolocolico.edu.it,4.0,3.0,10.0,3.9
CBPC02601V,https://www.itaspertini.edu.it,7.0,1.0,13.0,3.0
CESD042016,https://www.CEIS042009@ISTRUZIONE.IT,9.0,1.0,1.0,-1.0
BGRC033017,https://www.zenale.edu.it/,8.0,1.0,4.0,3.7
MOTF030004,https://www.itivinci.mo.it,8.0,1.0,17.0,3.0
VITF05000Q,https://www.fermibassano.edu.it,8.0,1.0,22.0,3.0
MIPS019024,https://istitutocalvino.it/,9.0,1.0,1.0,-1.0
FEPC020005,https://www.liceoariosto.it,5.0,1.0,0.0,4.4
SAPS04000B,https://www.liceosensale.edu.it,6.0,1.0,4.0,4.1
BATF079015,https://www.iissvoltadegemmis.edu.it,9.0,2.0,35.0,2.7
RMPC06301E,https://www.liceoseneca.edu.it/,6.0,1.0,27.0,3.0
CSTF01601C,https://www.iisbisignano.edu.it,3.0,3.0,5.0,4.2
TOPS069014,https://www.liceogalfer.it,8.0,1.0,18.0,3.4
CTTD160007,https://www.iterusso.edu.it,8.0,1.0,12.0,3.4
AQTA01701Q,https://agrarioavezzano.edu.it/,9.0,3.0,13.0,3.5
FGTD044018,https://www.fianileccisotti.it,2.0,3.0,33.0,3.3
LOTF004013,https://www.iisvolta.edu.it,5.0,1.0,0.0,4.4
MITF03801E,https://www.iislagrange.edu.it,8.0,1.0,0.0,4.0
CBRC02601E,https://www.professionalevcuococb.it,9.0,1.0,1.0,-1.0
PAPC030004,https://www.liceomeli.edu.it/,7.0,1.0,26.0,3.6
COPS030001,https://web.liceogiovio.edu.it/_sito2020/,1.0,1.0,7.0,3.5
CERI04401L,https://www.rainulfodrengot.edu.it,9.0,1.0,1.0,-1.0
BNRC026019,https://ipssctamoro.edu.it/bnis02600a,9.0,1.0,1.0,-1.0
PSTH003013,https://www.polotrefano.edu.it,8.0,1.0,18.0,3.2
VERC012015,https://www.isisluzzatto.edu.it,8.0,1.0,17.0,3.0
RMPC07000L,https://www.liceodantealighieri.edu.it,5.0,1.0,3.0,4.1
NUTF012014,https://www.istitutosuperioresorgono.edu.it,5.0,1.0,0.0,4.3
GETD013016,http://liceti.edu.it/,8.0,1.0,20.0,3.0
CTSL01000A,https://www.liceoartisticocatania.edu.it,5.0,1.0,3.0,4.2
AQRA007019,https://www.iisdavincicolecchiaq.edu.it,1.0,1.0,5.0,3.8
TOTD038018,https://www.buniva.edu.it,5.0,1.0,0.0,4.4
MIRI09101E,https://www.einaudimagenta.edu.it,5.0,1.0,2.0,4.3
CNPS07000P,https://iliceimondovi.edu.it/,5.0,1.0,2.0,4.4
NUPS090006,https://www.liceoferminuoro.edu.it/,9.0,1.0,1.0,-1.0
NARH122024,https://www.ipssardegennaro.edu.it,7.0,1.0,7.0,4.0
BOTD00701X,https://www.archimede.edu.it,8.0,1.0,14.0,3.4
SAPS020006,https://www.liceodaprocida.edu.it,1.0,1.0,25.0,3.5
CNRC00301D,https://www.grandiscuneo.edu.it/,8.0,1.0,12.0,3.4
RMPS06401D,https://www.liceoblaisepascal.it,8.0,1.0,2.0,3.8
VITF06000A,https://www.chilesotti.edu.it,8.0,1.0,14.0,3.3
RCTF01301G,https://www.iisseveri.eu,9.0,1.0,1.0,-1.0
RAPS01000Q,https://www.liceoscientificoravenna.edu.it,9.0,3.0,4.0,4.1
SRPS02901Q,https://www.istitutoeinaudi.edu.it,5.0,1.0,3.0,4.3
BNPC002015,https://www.iistelese.edu.it/,9.0,1.0,1.0,-1.0
TOTF04000D,https://www.itispininfarina.it,8.0,1.0,23.0,3.0
PAPC04000P,https://www.liceogaribaldi.it,5.0,1.0,3.0,4.1
VEPC02301X,http://istitutobrunofranchetti.edu.it/lbf/,8.0,1.0,0.0,4.4
NAPC06801P,https://www.istitutosuperioregentileschi.it,4.0,3.0,4.0,4.2
VASL040006,https://www.artisticovarese.edu.it,8.0,1.0,10.0,3.5
NARH07000E,https://www.ipsar.net,9.0,1.0,1.0,-1.0
NATF091011,https://www.isistassinari.edu.it,8.0,1.0,7.0,3.6
VAPC02701R,https://www.liceocrespi.edu.it,4.0,3.0,0.0,4.3
FOTD010002,https://www.itematteucci.edu.it,5.0,1.0,3.0,4.2
RMPC080007,https://www.liceoeqvisconti.it,5.0,1.0,3.0,4.3
CZPS00101C,https://www.iisfermi.edu.it,9.0,1.0,1.0,-1.0
CZPC030008,https://www.liceofiorentino.edu.it,9.0,3.0,0.0,4.2
CLPS01901X,https://www.LICEOSCIENTIFICOVOLTA.edu.it,9.0,3.0,28.0,3.3
RMRC10201G,https://www.iispertinifalcone.edu.it,8.0,1.0,8.0,3.6
GRTD003028,https://www.isufol.net,9.0,1.0,1.0,-1.0
BIPS01000N,https://www.liceoavogadrobiella.edu.it,9.0,2.0,28.0,2.8
LEPC01000G,https://liceocapece.edu.it/,5.0,1.0,0.0,4.5
NAPC010002,https://www.liceogenovesi.edu.it,7.0,1.0,7.0,4.0
VASL01000A,https://www.artisticobusto.edu.it,9.0,3.0,0.0,4.7
ALTD00601X,https://www.vincialessandria.it,8.0,1.0,6.0,3.7
AQSD01201N,https://www.torloniabellisario.it,5.0,1.0,3.0,4.0
CTTB01000A,https://www.itaerferrarin.edu.it/pasw4/,3.0,3.0,15.0,3.1
RCSL030003,https://www.liceopretifrangipane.edu.it,5.0,1.0,0.0,4.5
LEPS00201R,https://www.trinchesemartano.edu.it/,8.0,1.0,5.0,3.7
BIPC00101R,https://www.liceosella.it,8.0,1.0,8.0,3.5
TRRI002012,https://www.iisacp.edu.it,9.0,1.0,13.0,3.8
ORTF02000D,https://www.itisothoca.edu.it,9.0,1.0,6.0,3.4
RAPS030001,https://www.liceolugo.edu.it,9.0,2.0,0.0,4.4
AVPS024019,https://www.isissdeluca.edu.it,7.0,1.0,4.0,4.3
PNPS010008,https://www.liceogrigoletti.edu.it,8.0,1.0,7.0,3.7
RMTF03301X,https://www.istitutocarlourbani.edu.it/it/,9.0,1.0,15.0,3.4
TRRA010008,https://www.istfabro.edu.it,7.0,1.0,24.0,3.3
MERI03701E,https://www.liceoluciopiccolo.edu.it,9.0,1.0,18.0,3.6
KRTL009018,https://www.KRIS00900G@ISTRUZIONE.IT,9.0,1.0,1.0,-1.0
VCRI01901B,https://www.iislombardivc.edu.it/,8.0,1.0,5.0,3.7
VETF022019,https://www.CESTARI-RIGHI.edu.IT,7.0,1.0,0.0,4.1
CBRI026017,https://ipiacb.it/,9.0,1.0,1.0,-1.0
SAPC011019,https://www.iispisacanesapri.edu.it,9.0,1.0,0.0,4.5
ARRI00801B,https://www.isisvaldarno.edu.it,5.0,1.0,0.0,4.6
VRRI01001T,https://giorgivr.it/,9.0,1.0,1.0,-1.0
ENPS01000R,https://liceoscientificofarinato.edu.it/,5.0,1.0,3.0,4.4
FOTD02000L,https://www.itcserra.edu.it,4.0,3.0,0.0,4.5
RMPC101014,https://www.iisguglielmotti.edu.it,4.0,3.0,6.0,3.8
ANTD002017,https://www.cambiserrani.it,9.0,1.0,1.0,-1.0
NOTA00301B,https://www.bonfantini.it,8.0,1.0,4.0,4.2
NAPS32000A,https://www.liceosegre.edu.it,7.0,1.0,0.0,4.1
GRTF00301D,https://www.isisamiataovest.it,9.0,1.0,1.0,-1.0
VITF03000E,https://www.depretto.edu.it,8.0,1.0,14.0,3.3
NATF010007,https://www.itisvoltanapoli.edu.it,9.0,1.0,1.0,-1.0
TVRA00803L,https://cerletti.edu.it/,5.0,1.0,0.0,4.3
LCTL013018,https://www.iismedardorosso.edu.it/,5.0,1.0,4.0,4.3
VARI04000E,https://www.ipsiasar.it,7.0,1.0,7.0,4.0
SAPS06000L,https://www.liceoseverisalerno.it,5.0,1.0,3.0,4.2
FIRC00201G,https://www.isisenriques.edu.it,8.0,1.0,14.0,3.4
TOTF06601P,https://gmca.edu.it/,9.0,1.0,1.0,-1.0
BGTF00401R,https://www.isarchimede.edu.it,4.0,3.0,8.0,4.0
AQPS018016,https://www.iisbafile.edu.it,7.0,1.0,8.0,4.0
RITD090006,https://www.istitutoonnicomprensivoborgorose.it,5.0,1.0,3.0,4.4
SSPS024025,https://www.iisantoniosegni.edu.it/,4.0,3.0,7.0,4.0
GETF01101R,https://www.nattadeambrosis.edu.it,8.0,1.0,7.0,3.5
TARA02601R,https://www.einaudimanduria.edu.it/,9.0,1.0,1.0,-1.0
AGPS030009,https://liceoscientificoleonardo.it/,5.0,1.0,3.0,4.4
CHPS02101B,https://www.scientificogalileilanciano.edu.it,7.0,1.0,4.0,4.3
PVTD009023,https://www.istitutomaserati.edu.it,8.0,1.0,18.0,3.1
BITF01000Q,https://www.itis.biella.it,9.0,1.0,13.0,3.2
TOTF10000X,https://www.itismajo.it,9.0,1.0,1.0,-1.0
CAPS120008,https://liceopitagoraselargius.edu.it/,5.0,1.0,3.0,4.4
BRTD01000T,https://www.itesgiovannicalo.edu.it,7.0,1.0,39.0,3.0
CBPS01000B,https://romita.edu.it/,9.0,3.0,5.0,3.9
RMTA06001G,https://www.agrariosereni.edu.it/,8.0,1.0,30.0,3.0
RMTD093019,https://www.iismargheritahack.edu.it,8.0,1.0,10.0,3.5
FIPS02601G,https://www.giottoulivi.edu.it,9.0,1.0,1.0,-1.0
RMPS102013,https://www.liceofrancescodassisi.edu.it,1.0,1.0,4.0,4.0
BARH02901Q,https://www.iissfiore.edu.it,3.0,1.0,19.0,2.9
VRRH03000E,https://www.carnacina.edu.it,8.0,1.0,17.0,3.0
PSTD018013,https://www.iisraffaello.edu.it,8.0,1.0,6.0,3.6
ANPS01401N,https://www.istitutovolterraelia.it,8.0,1.0,27.0,3.0
VITF010009,https://galileiarzignano.edu.it/,5.0,1.0,0.0,4.0
LTTF09000X,https://www.itisfondi.it,5.0,1.0,4.0,4.0
MSTF018015,https://www.iismeuccimassa.it,4.0,3.0,8.0,4.0
CSPC029019,https://www.iisgaribaldialfano.edu.it,9.0,1.0,1.0,-1.0
VCPS021016,https://iisavogadrovc.edu.it/,1.0,1.0,6.0,4.0
CRPC013018,https://www.racchettidavinci.edu.it,9.0,1.0,1.0,-1.0
TETD014017,https://www.iispascalcomiforti.edu.it,9.0,1.0,1.0,-1.0
CNSD021011,https://www.istitutosoleri.it,9.0,1.0,1.0,-1.0
CERI02301G,https://www.isissmajorana.edu.it,9.0,1.0,1.0,-1.0
BOTF01901C,http://avbo.it,9.0,1.0,1.0,-1.0
RMPC48000P,https://www.LICEORUSSELLROMA.IT,8.0,1.0,20.0,3.1
SARH07701R,https://www.ipsseoapittoni.edu.it,6.0,1.0,11.0,3.4
BGTA03101C,https://www.iisrigonistern.it,9.0,1.0,1.0,-1.0
VRTD004015,https://www.dalcero.edu.it,8.0,1.0,10.0,3.5
NATF09201R,https://www.iispiscopo.edu.it,1.0,1.0,0.0,4.0
RMPS280004,https://www.liceorighiroma.it,9.0,1.0,1.0,-1.0
CAPS13000V,https://www.liceoeuclidecagliari.edu.it,9.0,1.0,1.0,-1.0
BGTD01201D,https://www.istitutofantoni.it,9.0,1.0,1.0,-1.0
MITD450009,https://www.itcserasmo.it,9.0,1.0,6.0,3.6
UDTD01201R,https://www.isismanzini.edu.it/,8.0,1.0,11.0,3.4
RMPC06201P,https://www.liceodesanctisroma.edu.it,9.0,3.0,9.0,4.3
RMTH03001X,https://www.itis-faraday.it,9.0,1.0,1.0,-1.0
MITD02701T,https://www.istitutoleonardodavinci.edu.it/IISLeonardo/,4.0,3.0,6.0,4.0
FIPC001014,https://www.liceomachiavelli-firenze.edu.it/it/,9.0,1.0,5.0,4.4
VITF02000X,https://www.itisrossi.edu.it,8.0,1.0,11.0,3.6
RMTL00801B,https://www.leopoldopirelli.it,9.0,1.0,1.0,-1.0
LCTF012018,https://www.istitutofiocchi.it,9.0,1.0,1.0,-1.0
ENPS019018,https://www.liceotesta.edu.it,6.0,1.0,4.0,4.3
UDTD02101G,https://www.itzanon.edu.it,8.0,1.0,19.0,3.0
RAPC04000C,https://www.LICEOTORRICELLI-BALLARDINI.edu.IT,9.0,3.0,14.0,3.5
CEPC03301T,https://www.isissamaldinevio.edu.it,9.0,3.0,1.0,4.0
CNTD04000P,https://itcbonelli.edu.it/,8.0,1.0,10.0,3.6
MITD096018,https://www.iisfalcone-righi.edu.it,5.0,1.0,7.0,4.0
VRPS06000L,https://www.liceomedivr.edu.it,8.0,1.0,1.0,4.1
PCPS02000T,https://www.liceorespighi.edu.it/,8.0,1.0,6.0,3.6
RMPS29000P,https://www.liceovolterra.edu.it,9.0,1.0,2.0,4.4
PATD01701N,https://www.isisgangi.edu.it,3.0,3.0,3.0,4.4
FRPS040005,https://www.liceoscientificosora.edu.it,5.0,1.0,3.0,4.6
BRTD100004,https://www.iissferrarisdemarcovalzani.edu.it,9.0,1.0,1.0,-1.0
CEPS07000V,https://www.liceogalilei.com,6.0,3.0,12.0,3.7
RMRH04601N,https://www.istitutostendhal.edu.it,9.0,1.0,1.0,-1.0
MITD400008,https://www.itsos-mariecurie.edu.it,8.0,1.0,17.0,3.2
TOPS070007,https://www.curiepinerolo.edu.it,8.0,1.0,6.0,3.5
BNTA01601G,https://www.galilei.it,9.0,1.0,1.0,-1.0
LUTD02301B,https://www.piaggia.it,6.0,1.0,20.0,3.4
TORC017021,https://ferrarisusa.edu.it/,9.0,1.0,1.0,-1.0
REPC030008,https://www.liceoariostospallanzani-re.edu.it,1.0,1.0,9.0,3.6
BSRC01101V,https://istitutocapirola.edu.it/,9.0,1.0,1.0,-1.0
BOTD01701E,https://www.istitutomattei.bo.it,9.0,1.0,1.0,-1.0
PDTD01000N,https://www.calvipd.edu.it,8.0,1.0,10.0,3.3
APPC00901N,https://www.itcsbt.it,9.0,1.0,1.0,-1.0
MOTF002011,https://www.istitutolevi.it,9.0,1.0,1.0,-1.0
BATL07000T,https://www.nervigalilei.edu.it,7.0,1.0,19.0,2.8
RMPS26000V,https://www.liceopasteur.edu.it,9.0,3.0,18.0,3.7
CAPS050007,https://www.pacinotti.edu.it,5.0,1.0,3.0,4.2
AGPS02000P,https://liceofermisciacca.edu.it/,5.0,1.0,3.0,4.2
BGTD01101N,https://www.isiseinaudi.edu.it/,6.0,1.0,21.0,3.1
PRPC010001,https://www.liceoromagnosi.edu.it,9.0,3.0,3.0,4.2
SITA00901G,https://www.iisricasoli.edu.it/,9.0,1.0,1.0,-1.0
TVTD007011,https://www.iisvittorioveneto.edu.it,5.0,1.0,5.0,4.2
PISD00101C,https://www.iiscarducci.edu.it,9.0,1.0,1.0,-1.0
CNSL02401V,https://www.bianchivirginio.it,9.0,1.0,1.0,-1.0
BSTF033019,https://iislonato.edu.it/,9.0,1.0,1.0,-1.0
MITD52000A,https://matteirho.edu.it/,9.0,2.0,5.0,4.0
BRTF01701X,https://www.majoranabrindisi.edu.it/,9.0,3.0,11.0,3.5
NAPS540009,https://www.liceotorricellisommavesuviana.edu.it,6.0,1.0,15.0,3.4
BAPS200003,https://liceofederico.edu.it/,9.0,3.0,0.0,4.5
LUPS01601C,https://www.istitutofermi.it,5.0,1.0,3.0,4.4
CHPS030005,https://www.liceoscientificovasto.edu.it,9.0,3.0,9.0,4.5
BSRI00801Q,https://antoniettiseo.edu.it/,5.0,1.0,4.0,4.0
SAPC012015,https://liceoparmenidevallo.edu.it/,5.0,1.0,4.0,4.2
BSRI01701E,https://www.provincia.brescia.it,9.0,1.0,1.0,-1.0
PAPS01701T,https://www.isisgangi.edu.it/,9.0,1.0,1.0,-1.0
SITF00801C,https://www.iisroncalli.edu.it,9.0,1.0,1.0,-1.0
LOPS010007,https://www.liceogandini.edu.it,5.0,1.0,18.0,3.7
ANTD01901L,https://www.panzini-senigallia.it,9.0,1.0,1.0,-1.0
SPTD011015,https://www.parentucelli-arzela.edu.it,9.0,1.0,1.0,-1.0
RMPS27000D,https://www.liceoplinio.edu.it,8.0,1.0,23.0,3.2
PGRH02000B,https://www.alberghieroassisi.it,9.0,1.0,1.0,-1.0
MOTF00901Q,https://www.iisguglielmomarconi.edu.it,9.0,1.0,1.0,-1.0
SAPS02401E,https://www.istitutoglorioso.edu.it,8.0,1.0,6.0,3.7
VIRI00701N,https://www.silvioceccato.edu.it,9.0,1.0,1.0,-1.0
PDSD03000D,https://www.liceoartisticoselvatico.edu.it,8.0,1.0,8.0,3.6
MITD51000Q,https://www.jacoponizzola.edu.it,9.0,1.0,1.0,-1.0
RMRC00401A,https://professionalepalestrina.edu.it/,9.0,1.0,1.0,-1.0
GETL007019,https://www.firpobuonarroti.edu.it,8.0,1.0,12.0,3.5
CARI02000L,https://www.ipsiaiglesias.edu.it,4.0,3.0,7.0,4.3
SIRA00901Q,http://galilei.edu.it,9.0,1.0,35.0,2.5
CNTF010005,https://www.itiscuneo.edu.IT,9.0,1.0,1.0,-1.0
VTTF00701D,https://www.midossi.edu.it,2.0,3.0,4.0,4.5
FIRA00701Q,https://www.agrariofirenze.edu.it,8.0,1.0,10.0,3.5
PZPS00201D,https://www.liceirionero.edu.it,6.0,1.0,32.0,3.0
TPTD00202C,https://www.istitutodaguirre.edu.it,2.0,3.0,18.0,3.7
VRPS04000B,https://www.messedaglia.edu.it,8.0,1.0,4.0,4.4
TEPC05000A,https://www.liceosaffo.edu.it,8.0,1.0,14.0,3.4
MBPC02000X,https://www.liceozucchi.edu.it,8.0,1.0,23.0,3.0
BAPS12000B,https://www.lsgalilei.edu.it,3.0,3.0,12.0,3.8
LOPS02000T,https://www.liceonovello.edu.it,5.0,1.0,0.0,4.4
VETD06000R,https://www.itcslazzari.edu.it,8.0,1.0,20.0,3.1
MEPC00101B,https://www.iismanzoni.edu.it,2.0,3.0,12.0,4.0
NOPS040011,https://www.liceogalileiborgomanerogozzano.edu.it,9.0,2.0,41.0,2.6
MEPS22000L,https://www.liceomedi.edu.it,9.0,3.0,47.0,2.6
RMRI088017,https://www.iiscavazza.it,9.0,1.0,1.0,-1.0
REPC02000N,https://www.liceocorso.edu.it,8.0,1.0,15.0,3.3
CZTD12000D,https://www.itegrimaldipacioli.it,4.0,3.0,0.0,4.5
TPRH040003,https://www.ipseoatitone.edu.it/,4.0,3.0,12.0,4.0
AGTD01301C,https://www.recapriata.edu.it,5.0,1.0,3.0,4.3
TOPS018017,https://www.liceoeinsteintorino.it,9.0,1.0,8.0,4.3
RMRH00401G,https://www.professionalepalestrina.it,9.0,1.0,1.0,-1.0
FERH00801C,https://www.istitutoremobrindisi.it,9.0,1.0,1.0,-1.0
SITD011012,https://www.istitutobandini.it,5.0,1.0,6.0,4.3
MITF21000B,https://www.marconigorgonzola.edu.it,1.0,1.0,3.0,4.4
CTRA01101X,https://www.isradice.edu.it,5.0,1.0,19.0,3.7
MIPS25000Q,https://liceobramante.edu.it/,9.0,1.0,3.0,4.4
RMPS24000N,https://www.liceomorgagni.edu.it/,9.0,1.0,17.0,4.0
AGPS02201B,https://www.iisodierna.edu.it,5.0,1.0,3.0,3.9
NASD048013,https://www.isdegni.edu.it,9.0,1.0,1.0,-1.0
SASL026013,https://www.iisteggiano.edu.it,5.0,1.0,6.0,4.2
IMRC00201X,https://www.polotecnologicoimperiese.edu.it,1.0,1.0,1.0,4.5
METD05000E,https://www.davincimilazzo.edu.it,9.0,1.0,9.0,3.9
VIPS02000T,https://www.LICEOLIOY.edu.IT,8.0,1.0,9.0,3.6
PITF030003,https://www.marconipontedera.edu.it,4.0,3.0,1.0,4.5
TARC05000G,https://www.cabrinitaranto.edu.it,1.0,1.0,2.0,4.5
BASL044011,https://www.istitutocolasanto.edu.it,4.0,3.0,11.0,3.7
MIPS00301D,https://iisbachelet.edu.it/,5.0,1.0,2.0,4.5
RMPS180007,https://www.liceokennedy.edu.it/,8.0,1.0,8.0,3.6
CATD006012,https://www.iiseinaudimuravera.edu.it/,9.0,1.0,1.0,-1.0
TEPS010003,https://www.liceoeinsteinte.edu.it,7.0,1.0,5.0,4.1
BGTD030002,https://www.vittorioemanuele.edu.it,8.0,1.0,26.0,3.0
BSPS004017,https://www.ISTITUTOPERLASCA.edu.IT,8.0,1.0,2.0,4.0
FOTB00901X,https://www.iisbaracca.it,9.0,1.0,1.0,-1.0
CATF023012,https://www.BUCCARIMARCONI.edu.IT,9.0,1.0,1.0,-1.0
PZSD00201X,https://www.ipsiapotenza.edu.it,9.0,6.0,6.0,3.7
MEPS032038,https://www.iiscaminititrimarchi.edu.it,9.0,1.0,1.0,-1.0
MIPS08101P,https://www.verri.edu.it,9.0,1.0,1.0,-1.0
FIPC014016,https://www.virgilioempoli.edu.it/,1.0,1.0,3.0,4.0
MEPS010008,https://www.liceoarchimedeme.it,9.0,3.0,9.0,3.6
MTPS00101R,https://www.iiscarlolevi.edu.it,2.0,3.0,14.0,3.7
VRTA01201N,https://www.stefanibentegodi.edu.it,8.0,1.0,18.0,3.0
PASD02201Q,https://www.delduca-biancaamato.edu.it/,7.0,1.0,10.0,3.7
VBSL001017,https://www.liceopierogobetti.edu.it,4.0,3.0,0.0,4.1
CTPS020004,https://www.liceoboggiolera.it,9.0,1.0,1.0,-1.0
AGRH01301A,https://www.recapriata.it,5.0,1.0,3.0,4.5
BOPS028015,https://www.liceofermibo.edu.it/,5.0,1.0,0.0,4.3
RGTD00301E,https://www.istitutocarducci.edu.it,9.0,1.0,1.0,-1.0
MITF390005,https://www.itismattei.edu.it,8.0,1.0,16.0,3.1
ALSL013014,https://www.istitutocellini.edu.it/,8.0,1.0,6.0,3.7
UDSD01000P,https://www.arteudine.edu.it,8.0,1.0,33.0,3.0
NAPS03000A,https://www.liceosilvestri.edu.it,7.0,1.0,7.0,4.1
SITD00701A,https://www.istitutovaldichiana.it,6.0,1.0,4.0,4.0
TOPS04901V,https://www.iisfermigalileicirie.edu.it,8.0,1.0,0.0,4.0
COTF01000T,https://www.magistricumacini.edu.it,5.0,1.0,6.0,4.0
PDTF007015,https://www.iiskennedy.it,9.0,1.0,1.0,-1.0
CZPS011013,https://www.is-sersale.edu.it,5.0,1.0,3.0,4.2
BGTD150004,https://icvilminorediscalve.edu.it/,5.0,1.0,4.0,4.4
MORI008013,https://www.galileimirandola.edu.it/,8.0,1.0,14.0,3.3
IMTF00201D,https://www.polotecnologicoimperiese.it,9.0,1.0,1.0,-1.0
TASD02000N,https://www.alberghieromediterraneo.edu.it/,1.0,1.0,24.0,3.7
SRRA02102Q,https://www.istitutocallerimarzamemi.edu.it,6.0,1.0,14.0,3.3
MIPS290006,https://liceocavalleri.edu.it/,6.0,1.0,6.0,4.0
VAPS120001,https://www.liceocurie.it,8.0,1.0,9.0,3.6
MNRC014011,https://www.isboma.edu.it,8.0,1.0,18.0,3.0
MEPS03000D,https://www.seguenza.edu.it,9.0,2.0,10.0,4.4
SRTF01101L,https://www.istitutonervilentini.it,9.0,3.0,1.0,4.3
PZRI00701T,https://www.iisrighetti-melfi.edu.it,9.0,1.0,1.0,-1.0
CTPS03000P,https://liceoscientificofermi.edu.it/,6.0,1.0,4.0,4.0
SATF064013,https://www.itcgcenni.net,9.0,1.0,1.0,-1.0
GRTL01101L,https://www.isitgrosseto.com,9.0,1.0,1.0,-1.0
VRTD01901V,https://www.copernicopasoli.edu.it/wp/,5.0,1.0,3.0,4.0
PSTD003019,https://iiscecchi.edu.it/,9.0,1.0,1.0,-1.0
MITF290008,https://www.ettoreconti.edu.it,4.0,3.0,0.0,4.5
FIPS028017,http://www.gobettivolta.edu.it/it2/,9.0,1.0,1.0,-1.0
PISD05000L,https://www.LICEOARTISTICORUSSOLI.IT,9.0,1.0,1.0,-1.0
ATRI007016,https://www.iiscastigliano.it,4.0,3.0,8.0,4.0
GOTH01101R,https://www.isispertini.it,9.0,1.0,1.0,-1.0
FRRH029015,https://www.iissulpicioveroli.edu.it,8.0,1.0,17.0,3.3
NAPS02002T,https://www.isisleonardodavincipoggiomarino.it/,5.0,1.0,3.0,4.2
VERH04000D,https://www.barbarigo.it,9.0,1.0,1.0,-1.0
VATL00801R,https://www.isissgeymonat.edu.it/,9.0,1.0,7.0,2.7
VARC030007,https://www.ipcverri.it,9.0,1.0,1.0,-1.0
CASL01701D,https://www.liceoscientificoartisticobrotzu.edu.it,9.0,3.0,15.0,4.2
MOTD00701T,https://www.scuolaparadisi.edu.it,8.0,1.0,9.0,3.6
ISTD003018,https://www.isissgiordano.edu.it,7.0,1.0,7.0,4.1
RCPC023011,https://www.iisvgerace.edu.it/,5.0,1.0,4.0,4.1
MIPS26000A,https://www.liceovico.edu.it,5.0,1.0,1.0,4.4
CSPC060008,https://www.iosandemetrio.edu.it/,9.0,1.0,1.0,-1.0
VIPS010007,https://www.liceodaponte.edu.it,4.0,3.0,0.0,4.5
PSTF01000N,https://www.itisurbino.edu.it,8.0,1.0,8.0,3.5
SSPS02701G,https://www.liceoalghero.edu.it/,6.0,1.0,15.0,3.0
PATD09000P,https://www.itdallachiesa.edu.it,7.0,1.0,12.0,3.9
TOPC00101P,https://www.desambrois.it,9.0,1.0,1.0,-1.0
CEPS010007,http://www.liceodiazce.edu.it/,9.0,1.0,34.0,2.0
RMPS12601G,https://liceopeanoroma.edu.it/,5.0,1.0,3.0,4.2
GETD00301G,https://www.iscsmontalegenova.edu.it/,6.0,1.0,8.0,3.6
IMTF00802D,https://www.istitutoistruzionesuperioremarconi.edu.it,7.0,1.0,8.0,3.8
PGPS01401B,https://campusdavinci.edu.it/,5.0,1.0,3.0,4.3
CTPC01000A,https://www.liceovergadrano.edu.it,7.0,1.0,4.0,4.4
CNRI00201A,http://www.cravettamarconi.edu.it/,8.0,1.0,9.0,3.5
BGTF016013,https://www.istitutovalleseriana.edu.it,9.0,1.0,1.0,-1.0
RCTD014015,https://www.istitutopiriarosarno.edu.it,5.0,1.0,10.0,4.0
TSSD01000L,https://liceonordio.edu.it/,9.0,1.0,4.0,4.3
CTPS017019,https://www.vaccarinict.edu.it,9.0,1.0,1.0,-1.0
MIPS37000T,https://www.liceodonatellipascal.edu.it,8.0,1.0,10.0,3.5
PDTA00601L,https://www.ducabruzzi.edu.it,8.0,1.0,22.0,3.1
CTTD18000C,https://www.branchina.edu.it,6.0,1.0,4.0,4.0
TVSD01000A,https://liceoartisticomunari.edu.it/,5.0,1.0,10.0,3.9
CTPC04201V,https://www.IISRAMACCA-PALAGONIA.edu.IT,9.0,1.0,12.0,3.0
VESD020001,https://www.liceoguggenheim.edu.it,8.0,1.0,14.0,3.2
BATD057012,https://www.iisdellolio.edu.it,9.0,1.0,35.0,2.4
CSPC010007,https://www.liceotelesiocosenza.edu.it,5.0,1.0,3.0,4.4
RMRC03000T,https://maffeopantaleoni.it/,5.0,1.0,3.0,4.4
CAPC06000P,https://liceopiga.edu.it/,8.0,1.0,17.0,3.0
PZPS120021,https://www.liceoscientificopasolinipz.edu.it,4.0,3.0,11.0,3.7
NORC01000L,https://www.ipsravizza.edu.it,8.0,1.0,9.0,4.0
FRTD12000L,https://www.icroccasecca.edu.it,8.0,1.0,16.0,3.5
TORC024013,https://www.iiscena.it,4.0,3.0,2.0,4.2
ROPS01000P,https://www.liceopaleocapa.edu.it,9.0,1.0,33.0,3.1
UDPS01302T,https://www.isisbassafriulana.edu.it/,9.0,1.0,16.0,3.2
SAPS01000G,https://www.liceogallotta.org,4.0,3.0,8.0,4.0
ENTD021014,https://www.iisabramolincolnenna.edu.it,5.0,1.0,3.0,4.2
TATD026013,https://www.einaudimanduria.edu.it,4.0,3.0,22.0,3.5
RMTD051017,https://www.iisbraschiquarenghi.edu.it,1.0,1.0,20.0,3.3
CSRC06301C,https://www.istitutoaletti.edu.it,5.0,1.0,3.0,4.3
CTPC040006,https://www.liceocutelli.edu.it,9.0,3.0,7.0,3.6
TVRH06000P,https://www.alberghierobeltrame.edu.it,8.0,1.0,30.0,3.0
RIRA001019,https://www.polocorese.it,9.0,3.0,11.0,3.6
BLTL00801V,https://www.istitutosuperiorefeltre.edu.it,7.0,1.0,4.0,4.2
MIPS05901D,https://www.ORIANIMAZZINI.edu.IT,8.0,1.0,14.0,3.4
TOPS039018,https://www.liceomartinetti.it,9.0,1.0,1.0,-1.0
CTTF039018,https://www.isfermiguttuso.edu.it,5.0,1.0,3.0,4.4
PSTD10000N,https://www.itbramantegenga.edu.it/,8.0,1.0,8.0,3.6
NASL102011,https://www.nittiportici.edu.it,6.0,1.0,8.0,3.6
MCTD01101Q,https://iisbonifazi.edu.it/,9.0,1.0,1.0,-1.0
SOPS050001,https://nerviferrari.edu.it/,5.0,1.0,2.0,4.4
PATD03801P,https://www.iisspiolatorre.edu.it/,9.0,1.0,62.0,2.4
BGRC01401T,https://islotto.edu.it/,5.0,1.0,3.0,4.3
AVSD02402R,https://www.isissdeluca.it,5.0,1.0,3.0,4.4
SPTF00601X,https://www.capellinisauro.edu.it,5.0,1.0,2.0,4.2
LUPC003017,https://www.istitutosuperiorebarga.edu.it,8.0,1.0,11.0,3.4
CEPS020042,https://www.liceofermiaversa.edu.it,9.0,1.0,13.0,3.5
MNTL009017,https://www.arcoeste.edu.it,5.0,1.0,2.0,4.4
RMTD031012,https://www.iispaolobaffi.edu.it/,9.0,1.0,17.0,3.3
TSPS02000R,https://www.galileitrieste.it,9.0,1.0,1.0,-1.0
MIPS580006,https://www.omnicomprensivoeuropeo.edu.it,8.0,1.0,13.0,3.4
NASL051019,https://www.liceoettoremajorana.edu.it,7.0,1.0,7.0,4.2
CETD00401R,https://www.foscoloteano.it,9.0,3.0,13.0,3.0
VRRH020011,https://www.berti.edu.it,8.0,1.0,8.0,3.6
VBTD002012,https://www.ferrinifranzosini.edu.it,8.0,1.0,8.0,3.6
TVRI010005,https://www.ipsia-galilei.edu.it,5.0,1.0,0.0,4.5
ISPS012017,https://www.isismajoranafascitelli.edu.it,1.0,1.0,8.0,3.9
CARH050001,https://www.alberghierogramsci.edu.it,9.0,1.0,27.0,2.8
NAPC14000P,https://www.liceoumberto.it,6.0,1.0,3.0,4.2
SAPS15000V,http://www.liceoscafati.it/wp/,5.0,1.0,16.0,3.6
GRPC009017,https://www.daverrazzano.it,7.0,3.0,8.0,4.0
BAPS002012,https://www.canudo.edu.it,2.0,3.0,47.0,3.0
VRTD00101N,https://www.davincicerea.edu.it,8.0,1.0,2.0,4.0
CTTL01701G,https://www.vaccarinict.it,5.0,1.0,3.0,4.3
BSTD003017,https://www.bazolipolo.edu.it,5.0,1.0,3.0,4.4
SVRC00601R,https://www.mazzinidavinci.edu.it,9.0,2.0,4.2,4.1
CRPS014017,https://www.pacioli.edu.it/,8.0,1.0,13.0,3.4
PIRH01000D,https://www.matteotti.it,9.0,1.0,13.0,3.5
TVRH03000V,https://www.istitutoalberini.edu.it,8.0,1.0,20.0,3.1
VVTH01000A,https://www.itnauticopizzo.edu.it/,3.0,3.0,5.0,4.5
CATD01601L,https://www.itclevi.it,5.0,1.0,3.0,4.3
MORI02000L,https://www.ipsiacorni.edu.it,8.0,1.0,8.0,4.0
TOPC090009,https://www.liceogioberti.it,9.0,1.0,1.0,-1.0
CEPS040003,https://www.liceopiedimontematese.edu.it,7.0,1.0,7.0,4.0
CHSD009017,https://www.iislanciano.edu.it/,7.0,1.0,9.0,3.7
SAPS120003,https://www.liceoemedi.edu.it,3.0,3.0,9.0,3.8
IMPS00701E,https://www.itcolombo.org,9.0,1.0,1.0,-1.0
NAPC19000Q,https://www.liceovittorioimbriani.edu.it,9.0,3.0,14.0,3.6
PNSD020009,https://www.liceoartisticogalvani.edu.it,8.0,1.0,12.0,3.4
LTTF090011,https://www.itisfondi.edu.it/,5.0,1.0,3.0,4.4
PATD03701V,https://www.iseinaudipareto.edu.it,5.0,1.0,3.0,4.4
PTPS03000X,https://liceosalutati.it/,5.0,1.0,10.0,4.0
MBTD41000Q,https://www.mapelli-monza.edu.it,9.0,3.0,36.0,2.5
SVRA00701N,https://www.virgilio.it/,9.0,1.0,1.0,-1.0
PARH01000Q,http://www.ipssarpaoloborsellino.edu.it/ns/,5.0,1.0,3.0,4.0
MITD026012,https://www.iiscremona.edu.it,9.0,1.0,18.0,3.2
VVTN00201L,https://www.tecnologicovibo.edu.it,5.0,1.0,3.0,4.0
SAPS18000P,https://www.liceorescigno.edu.it,6.0,1.0,17.0,3.3
SORH040004,https://www.ipcrottocaurga.edu.it,8.0,1.0,17.0,3.0
PZRA010001,https://www.ipaafortunatopz.edu.it,8.0,1.0,10.0,3.5
VETL02101N,https://www.veis021001@istruzione.it,9.0,1.0,1.0,-1.0
NAPC180005,https://www.liceopansini.edu.it,7.0,1.0,7.0,4.2
CEPS03000C,https://www.LICEOFEDERICOQUERCIA.edu.IT,5.0,1.0,3.0,4.3
TVPC120008,https://liceoflaminio.edu.it/,9.0,1.0,5.0,4.2
CATF031022,https://www.asproni-fermi.edu.it,9.0,3.0,10.0,4.0
RIPS070005,https://www.liceorocci.edu.it/,9.0,1.0,31.0,2.8
FIRH020009,https://www.buontalenti.edu.it,8.0,1.0,9.0,3.6
LERI049017,https://www.iisslfb.edu.it,9.0,3.0,30.0,2.9
RNRI003015,https://www.isisstoninoguerra.edu.it/,5.0,1.0,5.0,4.0
PZTD02801D,https://www.gasparrinimelfi.it,9.0,1.0,18.0,3.0
VATL013018,https://www.itetvarese.edu.it,8.0,1.0,13.0,3.4
PDTD027014,https://www.leodavinci.edu.it,8.0,1.0,21.0,3.0
PAPS060003,https://www.liceobasile.it,5.0,1.0,3.0,4.4
TORH04201T,https://www.istitutogiolitti.edu.it,5.0,1.0,0.0,4.5
BARA06701A,https://www.iisseinaudi.eu,9.0,1.0,1.0,-1.0
RMSD10000R,https://www.liceoargan.edu.it,5.0,1.0,0.0,4.5
ARRH01802G,https://www.fanfanicamaiti.edu.it,4.0,3.0,17.0,3.6
SIPC002018,https://www.piccolominisiena.edu.it,9.0,3.0,0.0,4.5
MITF070009,https://www.itisfeltrinelli.edu.it,8.0,1.0,14.0,3.4
CZRH05000A,https://www.einaudilamezia.edu.it,5.0,1.0,12.0,3.8
BLTD00101N,https://www.cadorescuola.edu.it,9.0,3.0,0.0,4.7
BOTA00601N,https://www.istitutoserpieri.edu.it,8.0,1.0,6.0,3.9
PAPS08004C,https://www.liceosavarino.edu.it,5.0,1.0,3.0,4.4
PCRA002031,https://www.campusagroalimentarepiacenza.it,8.0,1.0,9.0,3.6
SAPS170004,https://www.liceolamura.org,9.0,1.0,1.0,-1.0
RGPC00201Q,https://www.istitutocurcio.edu.it,5.0,1.0,3.0,4.4
FRPS070001,https://www.liceoceccano.edu.it/,8.0,1.0,8.0,3.5
CHRC011019,https://www.iisdavincidegiorgio.edu.it/,9.0,3.0,5.0,4.5
VISL009011,https://www.martini-schio.it,9.0,1.0,1.0,-1.0
TAPS006012,https://www.lentinieinstein-mottola.edu.it,5.0,1.0,6.0,4.2
LTTF05000D,https://www.giuliocesare.edu.it,9.0,1.0,7.0,3.3
CATD03202G,https://www.iisatzeni.edu.it,6.0,1.0,5.0,3.7
FIPS02701B,https://www.ilpontormoempoli.edu.it/,5.0,1.0,3.0,4.3
TOPS041018,https://www.jcmaxwell.it,9.0,1.0,7.0,3.4
RMTF19000X,https://www.itistrafelli.edu.it,8.0,1.0,16.0,3.2
AVTA028023,https://agrariogeometra.edu.it/,5.0,1.0,1.0,4.4
RMSD11000B,https://www.liceopablopicasso.edu.it,7.0,1.0,7.0,4.0
VRRA02000Q,https://www.istitutomedici.edu.it,9.0,1.0,16.0,3.5
CEPS060008,https://www.liceodivairano.edu.it,7.0,1.0,7.0,4.0
PGRC00201N,https://www.pgis00200@istruzione.it,9.0,1.0,1.0,-1.0
SARH038016,https://www.istitutocomite.edu.it/,9.0,1.0,13.0,3.1
RCPS016011,https://www.iiseuclide.edu.it,4.0,3.0,5.0,4.0
PTPS00301L,https://www.iocsanmarcello.edu.it,4.0,3.0,5.0,4.0
VITD016013,https://www.adaschio.it,9.0,1.0,1.0,-1.0
TVTF01901D,https://www.palladio-tv.edu.it,9.0,1.0,24.0,3.0
RMTF200009,https://www.itisvallauri.edu.it,5.0,1.0,3.0,4.2
APTF010013,https://www.istitutomontani.it,9.0,1.0,1.0,-1.0
MITD02901D,https://www.iismachiavelli.edu.it,8.0,1.0,12.0,3.5
PZPS017017,https://www.isisantarcangelo.edu.it,4.0,3.0,13.0,4.0
RMPC26000Q,https://liceougofoscolo.edu.it/,5.0,1.0,1.0,4.3
RMRI02301C,https://www.iisviasarandi.it,9.0,1.0,1.0,-1.0
TPTD02000X,https://gcaruso.edu.it/,5.0,1.0,0.0,4.3
LTTD11000N,https://www.istitutopisacaneponza.edu.it,5.0,1.0,2.0,4.1
MSPC00101E,https://www.liceorossi.edu.it,8.0,1.0,9.0,3.5
CTPC00102N,https://www.iisamari.edu.it,9.0,2.0,44.0,2.5
PAPS016012,https://majoranapa.edu.it/,5.0,1.0,0.0,4.4
CTPS01000D,https://www.liceoarchimede.it,5.0,1.0,3.0,4.4
RMTF180009,https://fermifrascati.it/,9.0,1.0,1.0,-1.0
VIPS00601L,https://www.istitutosuperioreasiago.it,8.0,1.0,20.0,3.0
FESD009011,https://www.aleottidosso.edu.it,9.0,1.0,1.0,4.5
BAPS09000R,https://www.liceotedone.edu.it,2.0,3.0,17.0,4.0
ROPS007021,https://www.primolevi.edu.it,8.0,1.0,23.0,3.0
BLTF00101X,https://www.cadorescuola.net,9.0,3.0,1.0,4.7
ANRH01901E,https://www.redlandorchidfest.org/,9.0,1.0,1.0,-1.0
FRTD003013,https://istitutopertinialatri.edu.it/,6.0,1.0,10.0,3.7
LERC03901X,https://www.ITCCOPERTINO.COM,9.0,1.0,1.0,-1.0
GEPS01801D,https://www.majorana.it,5.0,1.0,1.0,4.3
AGTA012016,https://www.amatovetranosciacca.edu.it,5.0,1.0,0.0,4.4
CSRC06801G,https://www.iisliceocariati.edu.it,9.0,3.0,17.0,3.5
BORH050014,https://www.istitutoscappi.edu.it,8.0,1.0,14.0,3.3
TPTD03000E,https://itetgaribaldi.edu.it/,5.0,1.0,3.0,4.4
METD03302V,https://www.itctspugliatti.it/pasw/,2.0,3.0,8.0,4.3
BARI016015,https://www.iisspietrosette.it,9.0,1.0,1.0,-1.0
CSPS07801N,https://www.liceisgf.edu.it,2.0,3.0,24.0,4.0
TERI009015,https://www.iisteramo.edu.it,1.0,1.0,2.0,4.0
PATD014016,https://www.istitutosuperiorebisacquino.edu.it,6.0,1.0,10.0,3.5
VARI01701E,https://www.isisvarese.edu.it,4.0,3.0,16.0,4.0
BSTF006011,https://www.iiscberetta.it,9.0,2.0,3.0,4.0
CNRI016018,https://www.istitutoguala.it,1.0,1.0,12.0,3.7
SRPC070006,https://www.liceomegara.edu.it,9.0,1.0,27.0,3.8
PATF03401N,https://www.IIS-ORSOCORBINO.edu.IT,9.0,1.0,1.0,-1.0
MITF19000B,https://www.itsosmilano.edu.it,9.0,1.0,12.0,3.7
CBTF02301L,https://www.majoranatermoli.edu.it,9.0,1.0,15.0,3.7
LTTD04000L,https://www.itsbianchini.edu.it,9.0,1.0,20.0,3.4
AQPS03000Q,https://www.scientificoaz.edu.it/,7.0,1.0,22.0,3.6
TORH010009,https://www.ipcolombatto.edu.it,8.0,1.0,21.0,3.2
RMTD11801C,https://www.luigieinaudiroma.edu.it,8.0,1.0,12.0,3.5
BNTF02202L,https://www.carafagiustiniani.edu.it,5.0,1.0,3.0,4.1
ANPC02101N,https://iisgalileijesi.it/,5.0,1.0,4.0,4.2
MCPS002015,https://www.iisdavinci.edu.it,8.0,1.0,40.0,2.9
BSTF013014,https://www.cossali.edu.it,1.0,1.0,26.0,3.4
FIRH01000P,https://www.alberghierosaffi.edu.it,8.0,1.0,6.0,3.8
LESL03000R,https://www.liceociardopellegrinolecce.edu.it,9.0,3.0,6.0,4.0
SSTD01901C,https://www.istituto-roth.edu.it,4.0,3.0,2.0,4.4
NATN11801B,https://isabelladestecaracciolo.it/,5.0,1.0,0.0,4.7
BOSL02000A,https://www.LICEOARCANGELI.edu.IT,8.0,1.0,12.0,3.5
CATF027019,https://www.cais02300d@istruzione.it,9.0,1.0,1.0,-1.0
RMTF08401R,https://www.federicocaffe.edu.it,8.0,1.0,15.0,3.3
RNRI010007,https://www.albertirimini.edu.it,8.0,1.0,11.0,3.5
MSPS012014,https://lunilicei.it/,5.0,1.0,0.0,4.5
RGTD01701C,https://www.fermivittoria.it,6.0,1.0,9.0,3.5
MITF13000Q,https://www.itiscannizzaro.edu.it/,8.0,1.0,22.0,3.2
RMPC250005,https://www.liceotasso.it,9.0,1.0,1.0,-1.0
RMTF023019,https://www.vonneumann.edu.it,9.0,3.0,7.0,3.9
PITD03000R,https://www.itcgfermi.it,8.0,1.0,0.0,4.0
NATD14202B,https://www.itcgpareto.edu.it,7.0,1.0,0.0,4.4
APPS02000E,https://www.liceorosetti.edu.it,3.0,2.0,16.0,3.8
METD03301T,https://www.itctspugliatti.it,9.0,1.0,1.0,-1.0
LETF01701L,https://www.bottazzi.edu.it,9.0,1.0,1.0,-1.0
SPRC007027,https://www.einaudichiodo.edu.it,5.0,1.0,3.0,4.3
UDRI040009,https://www.gceconi.eu,8.0,1.0,17.0,3.4
BNPS01201V,https://www.istitutosuperiorediana.edu.it,7.0,1.0,0.0,4.2
RATF01000T,https://itisravenna.edu.it/,5.0,1.0,2.0,4.3
MSSL01401L,https://www.poloartisticogentileschi.edu.it,9.0,1.0,1.0,-1.0
RNTD01000T,https://www.valturio.edu.it/,6.0,1.0,17.0,3.4
BATD056016,https://www.itescarafa.edu.it,9.0,11.0,24.0,3.2
VIPC010004,https://www.liceopigafetta.edu.it,4.0,3.0,0.0,4.5
MCPC01201L,https://www.iismatteoricci.it,9.0,1.0,1.0,-1.0
CETF05000Q,https://www.itfalco.edu.it,6.0,1.0,16.0,3.5
GEPS07000D,https://www.liceoking.it,8.0,1.0,11.0,3.5
CRRA00201E,https://istitutostanga.edu.it/,9.0,1.0,1.0,-1.0
PVPC010006,https://www.liceocairoli.edu.it,9.0,1.0,20.0,3.5
KRTA004018,https://isgangale.edu.it/,5.0,1.0,4.0,4.4
ALPC01601G,https://www.saluzzo-plana.edu.it,8.0,1.0,12.0,3.5
GOPC009014,https://www.liceomonfalcone.it,9.0,1.0,1.0,-1.0
CSTF020003,https://www.itiscastrovillari.edu.it,9.0,3.0,49.0,3.1
TRTD00701Q,https://www.casagrandecesi.edu.it,8.0,1.0,17.0,3.4
TOPC020003,https://www.liceobotta.it,9.0,1.0,4.0,3.5
RATL02000L,https://www.itmorigiaperdisa.it,5.0,1.0,3.0,4.5
CEPS01401G,https://www.isisvincenzocorrado.edu.it/,5.0,1.0,6.0,4.0
MTPC00101N,https://www.isispitagoramontalbano.edu.it,2.0,3.0,18.0,3.6
NAPS02601Q,https://www.liceomorantenapoli.edu.it,7.0,1.0,0.0,4.5
FETD00601V,https://www.isit100.fe.it,9.0,1.0,17.0,3.5
PSPS00101T,https://www.omnicomprensivo-montefeltro.edu.it,3.0,3.0,5.0,4.5
MOTD03000T,https://www.itesbarozzi.edu.it,9.0,1.0,34.0,2.4
GEPS080004,https://www.lanfranconi.edu.it,8.0,1.0,9.0,3.5
RNRH030001,https://www.alberghieromalatestarimini.edu.it/,9.0,3.0,14.0,3.4
BSPS02401C,https://www.lunardi.edu.it,8.0,1.0,16.0,3.3
RCPC001014,https://www.iisfamiliari.edu.it,4.0,3.0,5.0,4.0
CRTD00301L,https://www.iisghisleri-cr.edu.it,9.0,1.0,1.0,-1.0
AQPS050001,https://www.OMNICOMPRENSIVOCARSOLI.edu.IT,5.0,1.0,3.0,4.2
BGRH03801G,https://www.alberghierosonzogni.it,4.0,3.0,18.0,4.0
LETD08000R,https://www.itesolivettilecce.edu.it,5.0,1.0,3.0,4.3
FITD01601R,https://www.issfermiempoli.edu.it,1.0,1.0,13.0,3.4
MIRH05801B,https://www.iisfrisi.edu.it,9.0,1.0,7.0,3.8
ANTD017011,https://www.moreavivarelli.edu.it,5.0,1.0,3.0,4.3
TVRH01004T,https://ipsseoamaffioli.edu.it/,8.0,1.0,16.0,3.3
VITD00401R,https://www.istitutomasotto.edu.it/jweb/index.php,9.0,1.0,1.0,-1.0
TOPC01000C,https://www.lcavour.edu.it,9.0,1.0,14.0,3.8
NAPS08000B,https://www.liceoalbertinapoli.it,7.0,1.0,7.0,4.0
TOTL03401B,https://www.itgguarini.it,9.0,1.0,1.0,-1.0
LCRC02000L,https://www.istitutograziellafumagalli.edu.it,4.0,3.0,4.0,4.1
LOTF003017,https://www.cesaris.lo.it,6.0,1.0,24.0,3.3
ORTD00801N,https://www.iisgapischeddabosa.edu.it,5.0,1.0,0.0,4.4
BOPS17000B,https://www.imolalicei.edu.it,8.0,1.0,7.0,3.6
PVPS02000X,https://lnx.liceogalilei.org/,4.0,3.0,2.0,4.2
MNTD001016,https://www.manzoni.edu.it,8.0,1.0,20.0,3.2
TORC01201R,https://www.istitutoolivetti.it,9.0,1.0,12.0,4.0
UDPC010005,https://stelliniudine.edu.it/,5.0,1.0,4.0,4.3
NARA112018,https://www.cesaro-vesevus.edu.it,9.0,3.0,1.0,4.5
TVRC01601C,https://www.besta.it,5.0,1.0,3.0,4.3
TOPC070004,http://www.liceodazeglio.edu.it/,9.0,1.0,1.0,4.4
MIPC05000V,https://www.liceoberchet.it,9.0,1.0,1.0,-1.0
PDTF04000Q,https://www.itiseveripadova.edu.it/,2.0,3.0,9.0,4.0
VERH020008,https://www.cornaro.edu.it,8.0,1.0,11.0,3.5
VRTD01103A,https://www.istitutobolisani.it,9.0,1.0,1.0,-1.0
RATD03000R,https://www.itcginanni.it,7.0,1.0,4.0,4.0
MOTA03000B,http://iis-calvi.com/,9.0,3.0,6.0,4.0
CTPC070002,https://www.liceospedalieri.edu.it,9.0,1.0,0.0,4.0
FEPS00401B,https://www.polocodigoro.edu.it,9.0,1.0,0.0,4.0
LOTD003011,https://www.cesaris.edu.it,6.0,1.0,10.0,3.7
NOTD09000R,https://www.mossotti.it,8.0,1.0,5.0,3.9
TOTD05201E,https://www.istitutoboselli.it,9.0,1.0,35.0,2.9
MCPC001016,https://www.liceicamerino.edu.it/,8.0,1.0,11.0,3.5
VRRC003012,https://www.minghetti.edu.it,9.0,1.0,22.0,3.3
FRRH02701D,https://iisbaronio.edu.it/,9.0,1.0,23.0,2.5
CNPC030005,https://www.liceobodoni.edu.it,8.0,1.0,14.0,3.3
RMRH01000T,https://www.ipssartorcarbone.edu.it/,6.0,1.0,0.0,4.2
RMPS11301D,https://www.crocealeramo.edu.it,2.0,3.0,31.0,3.7
TOPC06000D,https://www.liceoporporato.edu.it,8.0,1.0,19.0,3.1
AQTD01901T,https://www.iisfermisulmona.it,8.0,1.0,15.0,3.3
MIPC040008,https://www.liceobeccaria.edu.it,8.0,1.0,9.0,3.5
LCPS020004,https://www.liceoagnesi.edu.it,5.0,1.0,3.0,4.3
TPTF027012,https://www.ISGIOVANNIXXIIICOSENTINO.edu.IT,6.0,1.0,15.0,3.5
CETF02101R,https://www.isismarcianise.edu.it,5.0,1.0,13.0,3.9
RMPS450002,https://www.levicivita.edu.it,8.0,1.0,19.0,3.2
VVSD00701C,https://www.iismorellicolao.edu.it,5.0,1.0,3.0,4.3
PITD00701R,https://iisgalileipacinotti.edu.it/,5.0,1.0,2.0,4.3
NOTF03005L,https://www.itiomar.it,5.0,1.0,14.0,3.8
PAPS26000R,https://www.liceopalmeri.edu.it,2.0,3.0,14.0,3.6
SARM053017,https://www.teresaconfalonieri.edu.it,9.0,1.0,12.0,3.5
SAPS08000T,https://www.liceomangino.edu.it,9.0,1.0,24.0,2.7
BGTF029015,https://www.istitutocaniana.edu.it,5.0,1.0,3.0,4.2
CTPS01601D,https://www.isfrancescoredi.edu.it,4.0,3.0,11.0,3.6
MIPC13000E,https://www.liceorebora.it,7.0,1.0,0.0,4.3
SSTD09000T,https://www.panedda.it,8.0,1.0,9.0,3.5
LIPC00401L,https://www.isisforesi.edu.it/,6.0,1.0,6.0,3.9
BARM042015,https://www.iissvespuccimolfetta.edu.it,8.0,1.0,14.0,3.4
MSPS020002,https://www.lsmarconi.edu.it,9.0,3.0,0.0,3.8
BOPC02000A,https://www.liceogalvani.edu.it/,8.0,1.0,24.0,3.0
BOTF001017,https://www.scuolamontessoridavinci.it,9.0,1.0,1.0,-1.0
BSTF02301P,https://www.istitutobonsignori.it,1.0,1.0,4.0,4.0
VEPS05000A,https://www.liceomorin.net,9.0,1.0,1.0,-1.0
PTPC01000G,https://www.liceoforteguerripistoia.it,9.0,1.0,1.0,-1.0
SARI013019,https://www.istitutocicerone.edu.it,5.0,1.0,3.0,4.3
CERH002013,https://www.liceosianiaversa.edu.it,6.0,1.0,4.0,4.0
FIPS01101T,https://isisgiorgiovasari.edu.it/,9.0,1.0,5.0,3.8
MITD04301Q,https://www.fbesta.edu.it,4.0,3.0,3.0,4.0
VRRC01701X,https://www.iismariecurievr.it,9.0,1.0,1.0,-1.0
CSPC07601V,https://www.omnicomprensivoluzzi.edu.it,5.0,1.0,3.0,4.3
VCRH012015,https://iis-galileoferraris.it/,5.0,1.0,2.0,4.4
PGTD12000A,https://www.omnicomprensivomagione.edu.it,8.0,1.0,7.0,3.7
LCTD00101G,https://www.issvigano.it,9.0,1.0,1.0,-1.0
PVPS05000Q,https://www.copernico.edu.it/,5.0,1.0,1.0,4.3
SVPS01000V,https://www.liceograssi.edu.it,8.0,1.0,10.0,3.5
TOPC08000P,https://www.liceonorbertorosa.edu.it,9.0,1.0,18.0,3.7
PRTD00301T,https://www.paciolo-dannunzio.edu.it,9.0,1.0,1.0,-1.0
SIPC00101C,https://www.liceipoliziani.com,9.0,1.0,1.0,-1.0
LUPC00101G,https://istitutomachiavelli.edu.it/,5.0,1.0,3.0,4.3
VATF020006,https://www.itisriva.edu.it,8.0,1.0,5.0,3.8
TVPS04000Q,https://www.liceoberto.it,9.0,3.0,9.0,3.7
FITN01000P,https://www.ittmarcopolo.edu.it,9.0,1.0,0.0,4.0
PATF011011,https://www.icsustica.it,6.0,1.0,0.0,4.0
LITD00401G,https://www.einaudiceccherelli.it,5.0,1.0,3.0,4.3
CZTD002014,https://www.iismajoranagirifalco.edu.it,5.0,1.0,2.0,4.4
METF040006,https://www.itisetorricelli.it,4.0,3.0,0.0,4.4
PERI03000V,https://www.ipsias-dimarziomichetti.edu.it,7.0,1.0,4.0,4.0
SAPS10000T,https://www.scientificovallo.edu.it,4.0,3.0,7.0,4.0
MORC016019,https://www.elsamorantesassuolo.edu.it,8.0,1.0,9.0,3.5
SVPS030004,https://www.liceogbruno.edu.it,9.0,1.0,0.0,4.0
MIPC170001,https://liceoparini.it/,9.0,1.0,1.0,-1.0
NATF14000X,https://www.itimedi.it,9.0,1.0,1.0,-1.0
RMPC320006,https://www.liceomontaleroma.edu.it/,9.0,3.0,6.0,3.8
PDRI01801P,https://www.meuccifanoli.edu.it,9.0,1.0,1.0,-1.0
NOTF040002,https://www.fauser.edu,5.0,1.0,0.0,4.4
MCRI040004,https://ipsiarenzofrau.edu.it/,9.0,1.0,5.0,4.2
VTPS01201V,https://www.iisfarnese.it,1.0,1.0,9.0,3.9
NATN078016,https://www.isiseuropa.edu.it,7.0,1.0,7.0,4.0
TORC052017,https://www.istitutoboselli.edu.it,9.0,1.0,1.0,-1.0
RMPS44000B,https://www.liceonomentano.edu.it,8.0,1.0,0.0,4.1
AGRI02403A,https://www.iissfermi.edu.it,5.0,1.0,3.0,4.3
MIPC140005,https://www.liceoquasimodo.edu.it,9.0,3.0,23.0,3.7
ANPS012012,https://www.savoiabenincasa.edu.it,9.0,1.0,1.0,-1.0
RARI007016,https://www.itipfaenza.edu.it,8.0,1.0,10.0,3.5
PVRA02000D,https://www.ciropollini.eu,9.0,1.0,4.0,4.0
CARA011028,https://www.iisbeccaria.it,9.0,1.0,1.0,-1.0
PRTF002018,https://www.poloagroindustriale.edu.it,9.0,3.0,33.0,2.9
CLTD00201A,https://www.leonardoniscemi.edu.it/,6.0,1.0,4.0,4.0
PETD010008,https://www.istitutotecnicoacerbope.edu.it,9.0,1.0,1.0,-1.0
AQTD01301V,https://www.iisggalilei.edu.it,9.0,3.0,16.0,3.7
CHPS01201L,https://www.savoiachieti.edu.it,5.0,1.0,3.0,4.3
NARI09201X,https://www.iispiscopo.edu.it/,1.0,1.0,0.0,4.2
FITF010003,https://www.itismeucci.edu.it,8.0,1.0,9.0,3.5
NATD128014,https://www.iissspantaleo.edu.it,9.0,1.0,0.0,4.3
VRPS01702C,https://www.iismariecurievr.edu.it,8.0,1.0,9.0,3.5
PAPS100008,https://www.liceocroce.it,9.0,1.0,1.0,-1.0
METF03000G,https://www.istitutocopernico.edu.it,9.0,1.0,1.0,-1.0
TOPS05901D,https://www.itisgiulionatta.it,8.0,1.0,13.0,3.3
COTF007013,https://www.setificio.edu.it,8.0,1.0,14.0,3.3
MITN09401E,https://www.bertarelliferraris.edu.it,8.0,1.0,2.0,4.0
MIRC02801A,https://www.iismontale.edu.it,8.0,1.0,16.0,3.2
CTTD04902N,http://www.ismajoranarcoleo.edu.it/home,9.0,3.0,0.0,4.1
BAPS270009,https://www.liceicartesio.edu.it,5.0,1.0,3.0,4.3
CSPS04901N,https://www.iiscastrolibero.edu.it,9.0,1.0,2.0,4.0
RMPC29000G,https://www.liceocicerone.edu.it,7.0,1.0,9.0,3.9
BGRI003014,https://www.bettyambiveri.edu.it,9.0,3.0,8.0,3.8
LITF030009,https://www.galileilivorno.it,2.0,1.0,15.0,3.7
RMTD10801T,https://www.iisviasilvestri301roma.edu.it/,9.0,3.0,0.0,4.3
PSTD00701L,https://www.omnicomprensivourbania.edu.it,5.0,1.0,3.0,4.3
MIPS08000T,https://www.liceovolta.it,9.0,1.0,7.0,3.7
PSPS020006,https://www.liceogmarconi.edu.it,8.0,1.0,9.0,3.5
VVPC04000D,https://www.omnicomprensivobrunovinci.edu.it,9.0,3.0,0.0,4.4
NARM01702P,https://www.iscolombo.edu.it,7.0,1.0,7.0,4.0
SRPS14000A,https://www.liceocorbinosiracusa.edu.it,9.0,1.0,1.0,-1.0
TOPS30000G,https://www.liceojuvarra.it/,9.0,1.0,8.0,3.5
AVPC090004,https://www.liceocolletta.edu.it,7.0,1.0,7.0,4.0
PDPS030003,https://www.liceonievo.edu.it,8.0,1.0,14.0,3.4
RMPC31000G,https://www.liceokant.edu.it,8.0,1.0,12.0,3.5
BSRI03201L,https://istitutofortuny.edu.it/,8.0,1.0,12.0,3.5
NAPS72000T,https://www.LICEODELIGUORI.edu.IT,7.0,1.0,7.0,4.0
BAPS24000D,https://www.lsamaldi.it,9.0,3.0,11.0,3.0
BGTD04101D,https://www.issanpellegrino.edu.it,1.0,1.0,15.0,3.7
CLPS03000N,https://www.liceovittorinigela.edu.it,8.0,1.0,26.0,3.0
MITD04401G,https://www.isdellacqua.edu.it,9.0,1.0,0.0,4.4
SAPC05801E,https://www.defilippisgaldi.it,5.0,1.0,3.0,4.3
PETD03000D,https://www.istitutomarconi-penne.it,5.0,1.0,3.0,4.3
BAPC04000L,https://www.liceotroya.edu.it,7.0,1.0,18.0,3.6
PSPS050002,https://www.liceolaurana.edu.it,9.0,1.0,1.0,-1.0
RERH008011,https://www.motti.edu.it,9.0,3.0,5.0,3.4
TATD012015,https://www.donmilanipertini.edu.it,9.0,3.0,0.0,4.0
CBPS02201P,https://www.iissalfano.edu.it,1.0,1.0,0.0,4.5
NATH086011,https://www.ninobixio.com,9.0,1.0,2.0,4.5
METD110001,https://www.itcgsantagata.it,5.0,1.0,3.0,4.3
LITD030003,https://www.itcgcerboni.edu.it,5.0,1.0,3.0,4.3
PVRI00201L,https://www.caramuelroncalli.it,8.0,1.0,7.0,3.6
PSTD00601R,https://www.istitutodonati.edu.it,8.0,1.0,9.0,3.5
VRTD01601B,https://www.calabreselevi.edu.it,8.0,1.0,15.0,3.3
BAPS04000Q,https://www.liceofermicanosa.edu.it,5.0,1.0,2.0,4.4
BARC054017,https://www.orianitandoi.edu.it,5.0,1.0,3.0,4.3
NATD11601T,https://www.isisrosmini.edu.it,9.0,3.0,9.0,3.5
LTPC021019,https://www.liceoformia.it,7.0,1.0,0.0,4.5
KRPS010005,https://filolao.edu.it/,5.0,1.0,4.0,4.3
CLRI01000N,https://www.ipsiacl.edu.it,6.0,1.0,17.0,3.1
NARH150006,https://www.ipseoaducadibuonvicino.edu.it,7.0,1.0,0.0,4.2
CSTD023019,https://www.iissdiamante.edu.it,5.0,1.0,3.0,4.3
RCPC050008,https://www.liceoclassicocampanellarc.edu.it,8.0,1.0,24.0,3.0
BORC012014,https://paolinicassiano.edu.it/,5.0,1.0,5.0,4.2
PZTD01801V,https://www.istsinisgalli.edu.it,5.0,1.0,3.0,4.1
RMPS130017,https://www.LICEOSCIENTIFICOGALILEI.edu.IT,9.0,1.0,6.0,3.7
CAPC03000V,https://www.liceoclassicodettori.edu.it,9.0,1.0,19.0,3.5
SRPC08000R,https://www.liceogargallo.edu.it,5.0,1.0,2.0,4.3
METF020001,https://www.itimajorana.edu.it,5.0,1.0,4.0,4.3
PDPS01000T,https://www.liceocuriel.edu.it,5.0,1.0,0.0,4.4
RERI004015,https://www.istitutodarzo.edu.it,9.0,1.0,1.0,-1.0
NAPS011012,https://www.adrianotilgher.edu.it,9.0,3.0,7.0,3.5
BAPS36000G,https://www.liceomajoranalaterza.edu.it,1.0,1.0,5.0,4.0
ARRI017016,https://www.isartegiovagnoli.com,9.0,1.0,1.0,-1.0
ANPS011016,https://www.laeng-meucci.edu.it,5.0,1.0,3.0,4.3
PZPC01901Q,https://www.liceimarsicoviggiano.edu.it,9.0,3.0,0.0,4.0
BAPS030005,https://www.liceobisceglie.it,9.0,1.0,1.0,-1.0
CSTD07000T,https://www.itcgtacri.edu.it,5.0,1.0,3.0,4.3
GRPS00702Q,https://www.scuoletoscane.it,9.0,1.0,1.0,-1.0
CATD027013,https://www.asproni-fermi.it,9.0,1.0,1.0,-1.0
BOPS080005,https://www.liceovinci.edu.it,8.0,1.0,18.0,3.2
PSPS01000G,https://liceotorelli.edu.it/,5.0,1.0,4.0,4.3
MIPS11002E,https://www.levi.edu.it,9.0,1.0,0.0,4.4
MIPS10101P,https://www.torricellimi.edu.it,5.0,1.0,6.0,4.2
GERH01000G,https://www.marcopolo.edu.it,3.0,1.0,8.0,3.8
NATL14301L,https://www.polotecnicofermigadda.edu.it,7.0,1.0,7.0,4.0
RMPS65000Q,https://www.liceodemocrito.edu.it,4.0,3.0,0.0,4.0
TOPS340002,https://www.lsgobettitorino.edu.it,7.0,1.0,27.0,3.4
BITL007015,https://www.iisgaeaulenti.it,9.0,1.0,56.0,2.7
BAPS080006,https://www.liceonuzzi.edu.it,5.0,1.0,5.0,4.2
PDPS02000C,https://www.liceofermipadova.edu.it,8.0,1.0,15.0,3.3
BATF060003,https://www.itisandria.edu.it,1.0,1.0,8.0,4.0
CLPC02000X,https://www.liceorsettimo.edu.it,9.0,3.0,21.0,3.5
BSTD038016,https://iisleinaudi.edu.it/,9.0,3.0,12.0,3.9
CHPS01701Q,https://www.liceoavolta.edu.it/,6.0,1.0,14.0,3.4
PGPC07000G,https://www.liceoproperzio.edu.it/,8.0,1.0,8.0,3.6
BRTF02000P,https://www.itisff.it,9.0,1.0,1.0,-1.0
NAPS05000G,https://www.liceomercalli.it,5.0,1.0,3.0,4.3
FGTD061012,https://itclucera.it/,4.0,3.0,0.0,4.2
CRPS01000V,https://www.liceoaselli.edu.it,9.0,3.0,12.0,3.8
RCRI02601R,https://www.boccionifermi.it,5.0,1.0,3.0,4.3
SRPC00301C,https://www.polivalentepalazzolo.com,9.0,1.0,1.0,-1.0
AVTD03000B,https://www.iteamabile.edu.it,5.0,1.0,3.0,4.3
CTRI00901G,https://www.iscapizzi.edu.it,4.0,3.0,18.0,3.8
GETF014018,https://calvino.edu.it/,5.0,1.0,0.0,4.4
PDTD00301G,https://www.cattaneo-mattei.edu.it,8.0,1.0,15.0,3.4
NATF08601D,https://www.itidavinci.it,7.0,1.0,0.0,4.4
RGTA017012,https://www.fermivittoria.it/,6.0,1.0,10.0,3.6
BATD04000G,https://www.itetsalvemini.edu.it,9.0,1.0,22.0,3.0
CSTD08000C,https://www.itcpalma.it,8.0,1.0,26.0,3.1
PERA002014,https://www.omnicomprensivoalanno.edu.it,4.0,3.0,0.0,4.5
FITD03101V,https://www.iisscalamandrei.edu.it,8.0,1.0,26.0,3.0
SSPC04000T,https://www.liceodettori.edu.it,9.0,3.0,0.0,3.8
KRPS02001R,https://www.krps02000q@istruzione.it,9.0,1.0,1.0,-1.0
BAPS38000R,https://www.liceimolfetta.edu.it,1.0,1.0,13.0,3.5
BGPS05000B,https://www.liceomascheroni.it,5.0,1.0,3.0,4.3
VVPS01000R,https://www.liceobertovibo.edu.it,2.0,3.0,6.0,3.9
PGPC09000R,https://liceoclassicofoligno.edu.it/,5.0,1.0,4.0,4.3
SSTF010007,https://www.itiangioy.edu.it,6.0,1.0,8.0,3.7
TOSL020003,https://www.liceocottini.it,9.0,1.0,0.0,4.2
RCSL023011,https://www.iisvgerace.edu.it,5.0,1.0,1.0,4.3
POPS00301V,https://www.liviprato.edu.it/,4.0,3.0,0.0,4.5
MIRI00801T,https://iisaltierospinelli.it/,5.0,1.0,2.0,4.5
FRPC00101C,https://www.iismartinofiletico.edu.it,8.0,1.0,11.0,3.5
APRH01601N,https://www.liceotco.edu.it,8.0,1.0,11.0,3.5
SSRI018012,https://iisalghero.edu.it/,1.0,1.0,4.0,4.4
GETF01601X,https://www.gastaldi-abba.edu.it,8.0,1.0,4.0,4.0
CSTD06901P,http://www.iispezzullo.it/,9.0,1.0,1.0,-1.0
RMSL087013,https://www.istitutoframmartino.edu.it,5.0,1.0,0.0,4.5
BOPS00901Q,https://isicast.edu.it/,5.0,1.0,3.0,4.3
MIRC102013,https://www.marignonipolo.edu.it,9.0,3.0,13.0,3.8
TVPC01701L,https://www.isisociali.it,9.0,1.0,1.0,-1.0
RMPS520003,https://www.LICEOPRIMOLEVI.edu.IT,8.0,1.0,14.0,3.4
LTTF01301G,https://www.iismarconilatina.edu.it,9.0,1.0,12.0,3.7
NAPS78000D,https://www.liceolabriolanapoli.edu.it,7.0,1.0,7.0,4.0
RCRA00101R,https://www.isfamiliari.it,9.0,1.0,1.0,-1.0
BATD05901N,https://www.marcopolobari.it,6.0,3.0,9.0,3.7
RCPS010001,https://www.liceovinci.eu,9.0,3.0,2.0,4.1
CRPC02000A,https://liceomanin-cr.edu.it/,9.0,1.0,26.0,3.2
TOTF013016,https://www.bodoniparavia.it,9.0,1.0,1.0,-1.0
BGPS17000D,https://www.liceoamaldi.edu.it,9.0,1.0,22.0,3.5
MIRC12000G,https://www.ipfalck.it,5.0,1.0,3.0,4.3
RMTD19000N,https://www.itbuonarroti.edu.it,2.0,3.0,7.0,4.0
PRTF010006,https://www.itis.pr.it,9.0,1.0,1.0,-1.0
BAPC030002,https://liceocagnazzi.edu.it/,6.0,3.0,4.0,4.0
BOPS04000P,https://liceosabin.edu.it/,8.0,1.0,14.0,3.4
NATF040003,https://www.itibarsanti.it,5.0,1.0,3.0,4.3
BSRC01201P,https://www.donmilanimontichiari.edu.it,9.0,3.0,10.0,3.9
BAPS11000R,https://www.liceovecchi.it,4.0,3.0,0.0,4.5
BRPC04000P,https://www.itncarnarobrindisi.edu.it,5.0,1.0,3.0,4.3
RMPS05101B,https://www.iisbraschiquarenghi.altervista.org,9.0,1.0,1.0,-1.0
TSPC00401R,https://www.carducci-ts.it,9.0,1.0,1.0,-1.0
LTRC00701P,https://www.istitutocaboto.edu.it,7.0,1.0,0.0,4.3
AVTF070004,https://www.itisguidodorso.edu.it,6.0,1.0,14.0,3.4
PGPC05000A,https://www.liceoplinioilgiovane.edu.it,8.0,1.0,38.0,2.9
GEPC04000E,https://www.liceomazzinigenova.edu.it,9.0,2.0,10.0,3.6
FGRC06101P,https://www.liceorispolitondi.edu.it,3.0,3.0,31.0,3.7
ARRC00701V,https://www.tecnicoprofessionalearezzo.edu.it/,9.0,1.0,1.0,-1.0
VRTD05000T,https://www.einaudivr.it,9.0,1.0,47.0,2.6
PGTF040001,https://www.ittfoligno.it,9.0,1.0,19.0,3.2
MISL01000C,http://www.liceoartisticodibrera.edu.it/,4.0,3.0,1.0,4.7
RGPS01000R,https://www.liceofermirg.edu.it,5.0,1.0,3.0,4.3
APSL001013,https://liceoartisticopreziottilicini.edu.it/,9.0,3.0,11.0,3.5
VVRH00302D,https://www.iiseinaudi.edu.it,5.0,1.0,3.0,4.3
NATF11301L,https://www.nittiportici.it,6.0,1.0,8.0,3.6
CLPC018011,https://www.istitutoeschilogela.edu.it,8.0,1.0,8.0,3.5
RETD09000V,https://www.scaruffilevitricolore.edu.it,6.0,1.0,4.0,4.0
VCRH040019,http://www.ipssar-gpastore.edu.it,5.0,1.0,3.0,4.3
PDTL010004,https://www.itbelzoni.edu.it,9.0,1.0,1.0,-1.0
BAPC150004,https://liceosocratebari.edu.it/,9.0,3.0,15.0,3.6
ALPS001011,https://www.istitutoparodi.edu.it,8.0,1.0,23.0,3.2
SATN05603T,https://www.marinigioia.edu.it,9.0,1.0,20.0,3.0
PGTF19000V,https://www.franchettisalviani.it,8.0,1.0,25.0,3.1
FERC01301P,https://www.einaudiferrara.it,9.0,1.0,1.0,-1.0
BSTF03701L,https://www.iiscastelli.edu.it,9.0,1.0,4.0,4.6
GRRI00801Q,https://www.islotti.edu.it,9.0,1.0,1.0,-1.0
SVPS002011,https://www.liceodellarovere.edu.it,8.0,1.0,22.0,3.2
PITF00801V,https://www.davincifascetti.it/,4.0,3.0,0.0,4.6
LEPC03000R,https://www.liceopalmieri.edu.it,5.0,1.0,3.0,4.3
BATF230001,https://www.panettipitagora.edu.it/,5.0,1.0,0.0,4.5
SITF020002,https://www.sarrocchi.edu.it/,3.0,2.0,8.0,4.4
LEPS034018,https://www.fermilecce.edu.it,9.0,3.0,5.0,4.0
BOPC030001,https://www.liceominghetti.edu.it,8.0,1.0,15.0,3.3
RMRI033013,https://www.periferiamonews.com/,9.0,1.0,1.0,-1.0
LTPC02601C,https://www.gobetti-delibero.edu.it,9.0,1.0,1.0,-1.0
VCRH040008,https://alberghieropastore.edu.it/,5.0,1.0,4.0,4.3
RMPS114019,https://www.annatawine.com/,9.0,1.0,1.0,-1.0
TPPS00901A,https://www.istitutosuperioreferro.edu.it,5.0,1.0,3.0,4.3
ISTF013015,https://www.fermimattei.edu.it,5.0,1.0,3.0,4.3
TESL01201L,https://www.liceoartisticoteramo.it,9.0,1.0,1.0,-1.0
FOPS010006,https://www.liceorighicesena.edu.it,9.0,3.0,0.0,4.4
CSPS06901V,https://www.iispezzullo.it,9.0,1.0,1.0,-1.0
MIRC061023,https://www.ipcbellisario.it,9.0,1.0,1.0,-1.0
RCTD120008,https://itepiria.edu.it/,9.0,1.0,0.0,4.5
CRRI011011,https://www.sraffacrema.edu.it,8.0,1.0,14.0,3.3
PGRH028013,https://www.iiscittadicastello.edu.it,8.0,1.0,14.0,3.3
RETD02000L,https://www.einaudicorreggio.edu.it,8.0,1.0,18.0,3.0
BRTD00901P,https://www.salveminionline.edu.it,8.0,1.0,4.0,3.8
MCRI05002R,https://www.ipiapocognoni.edu.it,8.0,1.0,16.0,3.3
VRSL03000N,https://www.artevr.it/j3/,9.0,2.0,9.0,3.5
GEPC020009,https://www.liceocolombogenova.edu.it,9.0,3.0,0.0,4.3
MISL03000N,https://www.liceoartisticoboccioni.edu.it,9.0,1.0,17.0,3.4
NAPC33000T,https://www.liceocarduccinola.edu.it,9.0,3.0,23.0,3.3
BRRH01000Q,https://www.alberghierobrindisi.it,3.0,3.0,5.0,4.0
CTRC03401G,https://www.defeliceolivetti.it,5.0,1.0,3.0,4.3
RMPS48000T,https://www.liceotalete.edu.it,7.0,1.0,0.0,4.4
PGTF010005,https://www.avoltapg.edu.it/,8.0,1.0,6.0,3.8
MNTD007015,https://www.istitutosanfelice.edu.it,9.0,1.0,1.0,-1.0
FRPS010009,https://www.francescoseveri.it,8.0,1.0,22.0,3.1
CEPS130009,https://www.segresancipriano.edu.it,8.0,1.0,11.0,3.5
SPTD110027,https://www.fossatidapassano.edu.it/,6.0,1.0,8.0,3.6
RATD00301D,https://www.iispololugo.edu.it/,6.0,1.0,12.0,3.5
VITD030008,https://www.istitutopasini.edu.it,9.0,1.0,1.0,-1.0
PDPS01701N,https://istitutoalberti.edu.it/,5.0,1.0,4.0,4.3
CORI00901T,https://davinciripamonti.edu.it/,5.0,1.0,3.0,4.3
RCTF05000D,https://www.itirc.it/,9.0,1.0,1.0,-1.0
PIRI008012,https://www.davincifascetti.it,4.0,3.0,0.0,4.5
FITN02301T,https://www.chinochini.it,9.0,1.0,1.0,-1.0
BNTF010008,https://www.itilucarelli.edu.it,5.0,1.0,3.0,4.3
PATL02601V,https://rutellipa.it/,9.0,1.0,1.0,-1.0
FOPC04000V,https://www.morgagni.cloud,5.0,1.0,3.0,4.3
RMPC016011,https://www.ist7chiese.edu.it,5.0,1.0,13.0,3.9
MOPS02000B,https://www.liceotassoni.edu.it,9.0,1.0,0.0,4.3
ATTD00202P,https://www.pellatinizza.edu.it,8.0,1.0,14.0,3.4
PRTD001016,https://www.zappafermi.edu.it,1.0,1.0,0.0,4.4
MISL011019,https://www.russell-fontana.edu.it,7.0,1.0,5.0,4.0
RIPC009017,https://www.icminervinisisti.edu.it/,6.0,1.0,26.0,3.2
RMTD05901T,https://www.isisdivittorio.edu.it,9.0,1.0,1.0,-1.0
FGRI16002D,https://omnicomprensivobovino.edu.it/,9.0,3.0,19.0,3.5
NATF10000D,https://www.itirenatoelia.edu.it/,9.0,2.0,0.0,4.0
SORH00203C,https://www.iisalbertibormio.edu.it,8.0,1.0,20.0,3.2
ARRI004014,https://www.liceocastiglione.it,9.0,1.0,1.0,-1.0
CLRI01602P,https://www.iishodierna.edu.it,4.0,3.0,0.0,4.3
RCTF030008,https://www.itispolistena.edu.it,1.0,1.0,1.0,4.4
PRPS04000X,https://www.liceoulivi.it,8.0,1.0,12.0,3.5
PTTD020005,https://www.itcsfilippopacini.edu.it,9.0,3.0,6.0,4.0
NORI00601P,https://www.iisnervi.it,5.0,1.0,0.0,4.4
VITD05000D,https://www.einaudibassano.edu.it,8.0,1.0,30.0,3.0
MITD330007,https://www.primolevibollate.edu.it,1.0,1.0,5.0,4.0
VEPC00301P,https://www.majoranacorner.edu.it,8.0,1.0,20.0,3.2
REPS00601G,https://www.russell.edu.it,9.0,1.0,10.0,3.7
RARC003016,https://www.IISPOLOLUGO.edu.IT,6.0,1.0,5.0,3.7
VTPC010003,https://www.liceoburatti.edu.it/it/,9.0,1.0,18.0,3.0
NARH09002T,https://www.alberghieroviviani.edu.it,9.0,3.0,0.0,4.3
NATN079012,https://www.istitutopertini.net,9.0,1.0,1.0,-1.0
BLTD020002,https://istitutocalvibelluno.edu.it/,5.0,1.0,0.0,4.3
LUPS01901X,https://www.liceochinimichelangelo.edu.it,9.0,3.0,9.0,3.6
REPS03000B,https://liceomoro.edu.it/,5.0,1.0,3.0,4.3
CZTF010008,https://www.ittsscalfaro.edu.it,9.0,1.0,18.0,3.2
VIRI03002Q,https://www.garbin.edu.it,8.0,1.0,17.0,3.3
RMTF010028,https://www.itivolta.edu.it,5.0,1.0,3.0,4.3
CAPC09000E,https://liceomotzo.edu.it/,5.0,1.0,5.0,4.2
TAPC11000A,https://www.desanctisgalilei.it,5.0,1.0,3.0,4.3
MIPC00101P,https://www.liceocasiraghi.edu.it,5.0,1.0,0.0,4.4
MITD047013,https://www.iisdenicola.edu.it,9.0,3.0,4.0,4.0
CTPC047012,https://www.liceosecusio.edu.it,5.0,1.0,3.0,4.3
FGRI013012,https://www.iismaurodelgiudice.edu.it/,5.0,1.0,3.0,4.3
CNTA026013,https://www.giolittibellisario.it,8.0,1.0,3.0,3.9
PIPC00201P,https://www.liceoxxvaprile.it,9.0,3.0,0.0,4.3
APRI02000Q,https://www.ipsiafermo.edu.it,5.0,1.0,3.0,4.3
VRPS020006,https://www.galileivr.edu.it/it/,1.0,1.0,0.0,4.3
RMRC097019,https://www.confalonieridechirico.it/,2.0,1.0,8.0,3.9
BGPS02401X,https://www.liceofederici.it,9.0,1.0,1.0,-1.0
FOPC030008,https://www.liceomonticesena.edu.it,8.0,1.0,28.0,3.0
NAPS860005,https://www.liceogalileinapoli.edu.it,7.0,1.0,7.0,4.1
FITD03301E,https://www.peano.edu.it/,8.0,1.0,17.0,3.3
SPPC010009,https://www.liceocosta.it,9.0,1.0,1.0,-1.0
TORH04401D,https://prever.edu.it/,9.0,1.0,1.0,-1.0
NAPS00101B,https://www.istitutopacioli.edu.it,7.0,1.0,7.0,4.2
FGRI16000B,https://convittobonghi.edu.it/,9.0,1.0,1.0,-1.0
BLPS020006,https://liceodalpiaz.edu.it/,5.0,1.0,0.0,4.4
VRTL01000T,https://itscangrande.edu.it/,5.0,1.0,3.0,4.3
TAPS070008,https://www.liceomoscati.edu.it,6.0,1.0,13.0,3.5
VETF04000T,https://www.itiszuccante.edu.it,9.0,1.0,8.0,3.8
COSD02000R,https://www.liceoartisticomelotti.edu.it,5.0,1.0,3.0,4.3
VETN01601N,https://www.istitutoalgarotti.edu.it,8.0,1.0,24.0,3.0
RMTF090003,https://www.itisgalilei.edu.it,8.0,1.0,12.0,3.5
VRPC020003,https://www.liceomaffeivr.edu.it,8.0,1.0,7.0,3.6
VAPS03000P,https://www.liceoferrarisvarese.edu.it,8.0,1.0,17.0,3.3
PETD07000X,https://www.manthone.edu.it,9.0,1.0,1.0,-1.0
BSRA007018,https://www.istitutomeneghini.edu.it,5.0,1.0,3.0,4.3
NAPS84000X,https://www.liceocuoco.edu.it,9.0,1.0,1.0,-1.0
MIPS01000G,https://www.liceoeinsteinmilano.edu.it,4.0,3.0,7.0,4.0
TAPS03701N,https://www.majoranaiiss.edu.it,9.0,1.0,1.0,-1.0
CSRA05301V,https://www.iisbacheletspezzano.edu.it/,5.0,1.0,3.0,4.3
NUPC016016,https://www.liceolanusei.it,9.0,1.0,1.0,-1.0
ALPC00901C,https://www.istitutobalbo.edu.it,9.0,1.0,1.0,-1.0
ORTD01102E,https://www.liceodecastro.edu.it/,9.0,1.0,1.0,-1.0
TOTD03601L,https://www.erasmonichelino.edu.it,8.0,1.0,3.0,4.0
CTPC04401E,https://www.gulliepennisi.edu.it,9.0,1.0,1.0,-1.0
LTRC01000D,https://www.filositerracina.edu.it,5.0,1.0,3.0,4.3
SOTD00601Q,https://www.davincichiavenna.edu.it,8.0,1.0,2.0,4.0
SAPC040008,https://www.liceoclassicodesanctis.edu.it,5.0,1.0,3.0,4.3
VETF060003,https://www.istitutovolterra.it,5.0,1.0,4.0,4.3
APPC01000R,https://www.liceoannibalcaro.edu.it,8.0,1.0,0.0,4.0
VAPS020004,https://www.gbgrassi.edu.it,8.0,1.0,0.0,4.0
CZTL06000D,https://www.ITMALAFARINA.edu.IT,1.0,1.0,13.0,3.9
VIRH010001,https://www.artusi.edu.it,8.0,1.0,18.0,3.4
NAPS930006,https://www.liceopitagoracroce.edu.it,7.0,1.0,19.0,3.5
VRTF03000V,https://www.marconiverona.edu.it,8.0,1.0,22.0,3.3
ANPS009016,https://www.corridoni-campana.it,8.0,1.0,18.0,3.3
SAPC12000X,https://www.liceotassosalerno.edu.it,5.0,1.0,3.0,4.3
TVTD04000G,https://www.istitutomartini.edu.it/,8.0,1.0,7.0,3.7
MEPS032027,https://www.iis-santateresa.it,9.0,1.0,1.0,-1.0
CSPC00101D,https://www.liceicorigliano.it,9.0,1.0,1.0,-1.0
TPSL03101C,https://www.rosinasalvo.edu.it,4.0,3.0,2.0,4.5
LITD00802X,https://www.vespucci.edu.it,1.0,1.0,6.0,4.0
VETD01601Q,https://www.istitutoalgarotti.edu.it/,8.0,1.0,24.0,3.2
PRPS007019,https://www.istitutoberenini.edu.it,8.0,1.0,13.0,3.5
APRA00801E,https://www.agrario-ulpiani.it,9.0,1.0,1.0,-1.0
SATD00101N,https://www.isisvirgilio.edu.it,5.0,1.0,3.0,4.3
NATD08201X,https://www.isroccoscotellaro.edu.it/,6.0,1.0,18.0,3.4
NAPS92000G,https://www.liceosbordone.it,9.0,1.0,1.0,-1.0
PATF04201L,https://www.itive3pa.edu.it,2.0,3.0,4.0,3.8
GEPS050008,https://www.liceoleodavincige.edu.it,8.0,1.0,15.0,3.4
BGRI15000D,https://itisdalmine.edu.it/,5.0,1.0,3.0,4.3
AQTD00201C,https://www.patiniliberatore.edu.it,8.0,1.0,13.0,3.5
BATD320001,https://www.CassandroFermiNervi.edu.it,9.0,1.0,19.0,3.6
CORC010008,https://www.istitutopessina.edu.it,5.0,1.0,6.0,4.2
TVPC00201V,https://www.liceoconegliano.edu.it,8.0,1.0,13.0,3.5
RMPS010004,https://www.liceolabriola.it,9.0,1.0,1.0,-1.0
VAPS11001B,https://liceoluino.edu.it/,5.0,1.0,0.0,4.3
TVTD06000R,https://www.sansovino.edu.it,5.0,1.0,3.0,4.3
RMTD640001,https://www.itcgtoscanelli.edu.it,5.0,1.0,3.0,4.3
TORH02301C,https://www.istituto-albert.it,9.0,1.0,1.0,-1.0
NATF05101E,http://istitutocasanova.edu.it,9.0,1.0,1.0,-1.0
VRTD13000D,https://www.itcspindemonte.edu.it,8.0,1.0,19.0,3.2
LTPS060002,https://liceoaprilia.edu.it/,9.0,1.0,1.0,-1.0
MCPC04000Q,https://www.classicomacerata.edu.it,9.0,1.0,0.0,4.6
ANTD008016,http://www.einstein-nebbia.edu.it,8.0,1.0,0.0,4.2
MSPS01000B,https://www.liceofermimassa.edu.it,5.0,1.0,0.0,4.4
AGRA027014,https://scuoledilampedusa.edu.it/,5.0,1.0,1.0,4.3
LOSL002016,https://www.iispandinipiazza.edu.it/,1.0,1.0,4.0,4.0
CTSL00801B,https://www.iis-brunelleschi.edu.it/,9.0,1.0,1.0,-1.0
RMPS030009,https://www.liceoavogadro.edu.it,5.0,1.0,9.0,3.9
NAPC08301R,https://www.liceoorazioflacco.edu.it,7.0,1.0,0.0,4.3
RNPS05000C,https://www.liceoserpieri.it,5.0,1.0,2.0,4.3
TOSL01000C,https://www.primoart.it,8.0,1.0,11.0,3.5
VRRC009011,https://www.sanmicheli.edu.it,8.0,1.0,9.0,3.5
RMTF02000R,https://www.itisarmellini.it,9.0,1.0,1.0,-1.0
FORH002012,https://www.iisforlimpopoli.edu.it,4.0,3.0,0.0,4.0
RMTD38000R,https://www.islombardoradice.edu.it,9.0,1.0,1.0,-1.0
NAPS97000L,https://www.LICEODIGIACOMO.edu.IT,7.0,1.0,7.0,4.1
AVRH04000X,https://www.alberghierorossidoria.edu.it,6.0,1.0,8.0,3.7
NATN01201G,https://www.ismennellaischia.edu.it,5.0,1.0,3.0,4.3
FIPS00301V,https://www.istitutochecchi.edu.it/,9.0,1.0,23.0,3.0
TVSL01000R,https://www.liceoartisticotreviso.edu.it/,2.0,3.0,14.0,3.5
VEPC050007,https://www.liceoxxv.edu.it,8.0,1.0,24.0,3.0
CTRM00701B,https://www.POLITECNICODELMARE.edu.IT,9.0,1.0,1.0,-1.0
SIRC00401G,https://www.istitutoprofessionalecaselli.it,9.0,1.0,1.0,-1.0
VVRI02000L,https://www.omnifiladelfia.edu.it,5.0,1.0,3.0,4.3
MITD103016,https://www.istitutoargentia.edu.it,8.0,1.0,14.0,3.5
TVTL00101C,https://www.isisspieve.it,9.0,1.0,1.0,-1.0
PTSD010027,https://liceoartisticopistoia.edu.it/,9.0,1.0,24.0,2.7
FRTF018013,https://www.voltafr.edu.it,8.0,1.0,2.0,3.9
MIRC08000A,https://www.ipscavalieri.it/,9.0,1.0,1.0,-1.0
GEPS030003,https://www.liceocassini.edu.it,9.0,1.0,1.0,-1.0
MIRC300004,https://www.iskandinsky.edu.it,8.0,1.0,7.0,3.7
BNRH030005,https://ipsarlestreghe.edu.it/,5.0,1.0,10.0,3.8
VEPC06000T,https://www.liceomontale.it,8.0,1.0,18.0,3.2
BATD21000D,https://www.devitidemarco.edu.it,5.0,1.0,0.0,4.4
TPTL028012,https://www.iscalvinoamico.edu.it,6.0,1.0,5.0,4.0
RNPC01000V,https://liceocesarevalgimigli.edu.it/,6.0,1.0,8.0,3.8
